timestamp,session_date,equity
2026-08-11T13:30:00+00:00,2026-08-11,1000000.0
2026-08-11T13:35:00+00:00,2026-08-11,999778.9
2026-08-11T13:40:00+00:00,2026-08-11,999789.95
2026-08-11T13:45:00+00:00,2026-08-11,999739.0
2026-08-11T13:50:00+00:00,2026-08-11,999496.63
2026-08-11T13:55:00+00:00,2026-08-11,999467.12
2026-08-11T14:00:00+00:00,2026-08-11,999710.66
2026-08-11T14:05:00+00:00,2026-08-11,999677.02
2026-08-11T14:10:00+00:00,2026-08-11,999667.12
2026-08-11T14:15:00+00:00,2026-08-11,999502.79
2026-08-11T14:20:00+00:00,2026-08-11,999474.21
2026-08-11T14:25:00+00:00,2026-08-11,999410.8
2026-08-11T14:30:00+00:00,2026-08-11,999526.33
2026-08-11T14:35:00+00:00,2026-08-11,999509.39
2026-08-11T14:40:00+00:00,2026-08-11,999393.04
2026-08-11T14:45:00+00:00,2026-08-11,999331.57
2026-08-11T14:50:00+00:00,2026-08-11,999546.18
2026-08-11T14:55:00+00:00,2026-08-11,999592.62
2026-08-11T15:00:00+00:00,2026-08-11,999516.78
2026-08-11T15:05:00+00:00,2026-08-11,999517.63
2026-08-11T15:10:00+00:00,2026-08-11,999279.23
2026-08-11T15:15:00+00:00,2026-08-11,999278.28
2026-08-11T15:20:00+00:00,2026-08-11,999242.14
2026-08-11T15:25:00+00:00,2026-08-11,999226.02
2026-08-11T15:30:00+00:00,2026-08-11,999216.13
2026-08-11T15:35:00+00:00,2026-08-11,999097.19
2026-08-11T15:40:00+00:00,2026-08-11,999065.58
2026-08-11T15:45:00+00:00,2026-08-11,999209.1
2026-08-11T15:50:00+00:00,2026-08-11,999110.98
2026-08-11T15:55:00+00:00,2026-08-11,999056.39
2026-08-11T16:00:00+00:00,2026-08-11,999064.64
2026-08-11T16:05:00+00:00,2026-08-11,998969.63
2026-08-11T16:10:00+00:00,2026-08-11,999077.64
2026-08-11T16:15:00+00:00,2026-08-11,998944.51
2026-08-11T16:20:00+00:00,2026-08-11,998946.08
2026-08-11T16:25:00+00:00,2026-08-11,998913.72
2026-08-11T16:30:00+00:00,2026-08-11,998923.65
2026-08-11T16:35:00+00:00,2026-08-11,998830.46
2026-08-11T16:40:00+00:00,2026-08-11,998952.63
2026-08-11T16:45:00+00:00,2026-08-11,998865.3
2026-08-11T16:50:00+00:00,2026-08-11,998850.77
2026-08-11T16:55:00+00:00,2026-08-11,998883.56
2026-08-11T17:00:00+00:00,2026-08-11,998781.86
2026-08-11T17:05:00+00:00,2026-08-11,998680.15
2026-08-11T17:10:00+00:00,2026-08-11,998715.01
2026-08-11T17:15:00+00:00,2026-08-11,998552.17
2026-08-11T17:20:00+00:00,2026-08-11,998719.94
2026-08-11T17:25:00+00:00,2026-08-11,998774.69
2026-08-11T17:30:00+00:00,2026-08-11,998793.57
2026-08-11T17:35:00+00:00,2026-08-11,998825.91
2026-08-11T17:40:00+00:00,2026-08-11,998787.52
2026-08-11T17:45:00+00:00,2026-08-11,998889.9
2026-08-11T17:50:00+00:00,2026-08-11,998881.9
2026-08-11T17:55:00+00:00,2026-08-11,998962.92
2026-08-11T18:00:00+00:00,2026-08-11,998926.59
2026-08-11T18:05:00+00:00,2026-08-11,998941.75
2026-08-11T18:10:00+00:00,2026-08-11,998854.84
2026-08-11T18:15:00+00:00,2026-08-11,998856.11
2026-08-11T18:20:00+00:00,2026-08-11,998821.02
2026-08-11T18:25:00+00:00,2026-08-11,998739.54
2026-08-11T18:30:00+00:00,2026-08-11,998500.18
2026-08-11T18:35:00+00:00,2026-08-11,998600.94
2026-08-11T18:40:00+00:00,2026-08-11,998601.07
2026-08-11T18:45:00+00:00,2026-08-11,998513.23
2026-08-11T18:50:00+00:00,2026-08-11,998652.9
2026-08-11T18:55:00+00:00,2026-08-11,998682.5
2026-08-11T19:00:00+00:00,2026-08-11,998623.66
2026-08-11T19:05:00+00:00,2026-08-11,998645.49
2026-08-11T19:10:00+00:00,2026-08-11,998597.97
2026-08-11T19:15:00+00:00,2026-08-11,998714.89
2026-08-11T19:20:00+00:00,2026-08-11,998726.98
2026-08-11T19:25:00+00:00,2026-08-11,998725.37
2026-08-11T19:30:00+00:00,2026-08-11,998746.25
2026-08-11T19:35:00+00:00,2026-08-11,998786.19
2026-08-11T19:40:00+00:00,2026-08-11,998825.27
2026-08-11T19:45:00+00:00,2026-08-11,998713.83
2026-08-11T19:50:00+00:00,2026-08-11,998666.98
2026-08-11T19:55:00+00:00,2026-08-11,998714.64
2026-08-11T20:00:00+00:00,2026-08-11,998638.59
2026-08-12T13:30:00+00:00,2026-08-12,1000385.17
2026-08-12T13:35:00+00:00,2026-08-12,999893.18
2026-08-12T13:40:00+00:00,2026-08-12,999939.05
2026-08-12T13:45:00+00:00,2026-08-12,1000116.76
2026-08-12T13:50:00+00:00,2026-08-12,1000283.89
2026-08-12T13:55:00+00:00,2026-08-12,1000121.22
2026-08-12T14:00:00+00:00,2026-08-12,1000134.42
2026-08-12T14:05:00+00:00,2026-08-12,999997.17
2026-08-12T14:10:00+00:00,2026-08-12,1000214.09
2026-08-12T14:15:00+00:00,2026-08-12,1000090.85
2026-08-12T14:20:00+00:00,2026-08-12,1000063.69
2026-08-12T14:25:00+00:00,2026-08-12,1000279.51
2026-08-12T14:30:00+00:00,2026-08-12,1000222.58
2026-08-12T14:35:00+00:00,2026-08-12,1000040.57
2026-08-12T14:40:00+00:00,2026-08-12,1000180.7
2026-08-12T14:45:00+00:00,2026-08-12,1000215.39
2026-08-12T14:50:00+00:00,2026-08-12,1000130.3
2026-08-12T14:55:00+00:00,2026-08-12,999968.27
2026-08-12T15:00:00+00:00,2026-08-12,999990.76
2026-08-12T15:05:00+00:00,2026-08-12,999890.0
2026-08-12T15:10:00+00:00,2026-08-12,1000050.28
2026-08-12T15:15:00+00:00,2026-08-12,1000128.38
2026-08-12T15:20:00+00:00,2026-08-12,1000098.15
2026-08-12T15:25:00+00:00,2026-08-12,999981.6
2026-08-12T15:30:00+00:00,2026-08-12,1000118.39
2026-08-12T15:35:00+00:00,2026-08-12,999954.93
2026-08-12T15:40:00+00:00,2026-08-12,999965.06
2026-08-12T15:45:00+00:00,2026-08-12,999990.37
2026-08-12T15:50:00+00:00,2026-08-12,1000092.62
2026-08-12T15:55:00+00:00,2026-08-12,1000064.91
2026-08-12T16:00:00+00:00,2026-08-12,1000076.91
2026-08-12T16:05:00+00:00,2026-08-12,1000160.61
2026-08-12T16:10:00+00:00,2026-08-12,1000286.06
2026-08-12T16:15:00+00:00,2026-08-12,1000265.68
2026-08-12T16:20:00+00:00,2026-08-12,1000208.78
2026-08-12T16:25:00+00:00,2026-08-12,1000316.64
2026-08-12T16:30:00+00:00,2026-08-12,1000279.14
2026-08-12T16:35:00+00:00,2026-08-12,1000233.95
2026-08-12T16:40:00+00:00,2026-08-12,1000349.83
2026-08-12T16:45:00+00:00,2026-08-12,1000344.55
2026-08-12T16:50:00+00:00,2026-08-12,1000376.38
2026-08-12T16:55:00+00:00,2026-08-12,1000415.34
2026-08-12T17:00:00+00:00,2026-08-12,1000401.32
2026-08-12T17:05:00+00:00,2026-08-12,1000468.76
2026-08-12T17:10:00+00:00,2026-08-12,1000457.63
2026-08-12T17:15:00+00:00,2026-08-12,1000486.64
2026-08-12T17:20:00+00:00,2026-08-12,1000461.32
2026-08-12T17:25:00+00:00,2026-08-12,1000485.24
2026-08-12T17:30:00+00:00,2026-08-12,1000528.33
2026-08-12T17:35:00+00:00,2026-08-12,1000532.4
2026-08-12T17:40:00+00:00,2026-08-12,1000531.53
2026-08-12T17:45:00+00:00,2026-08-12,1000528.78
2026-08-12T17:50:00+00:00,2026-08-12,1000536.48
2026-08-12T17:55:00+00:00,2026-08-12,1000523.69
2026-08-12T18:00:00+00:00,2026-08-12,1000530.05
2026-08-12T18:05:00+00:00,2026-08-12,1000499.73
2026-08-12T18:10:00+00:00,2026-08-12,1000504.18
2026-08-12T18:15:00+00:00,2026-08-12,1000581.16
2026-08-12T18:20:00+00:00,2026-08-12,1000583.44
2026-08-12T18:25:00+00:00,2026-08-12,1000633.4
2026-08-12T18:30:00+00:00,2026-08-12,1000576.35
2026-08-12T18:35:00+00:00,2026-08-12,1000612.78
2026-08-12T18:40:00+00:00,2026-08-12,1000685.46
2026-08-12T18:45:00+00:00,2026-08-12,1000725.09
2026-08-12T18:50:00+00:00,2026-08-12,1000723.56
2026-08-12T18:55:00+00:00,2026-08-12,1000704.7
2026-08-12T19:00:00+00:00,2026-08-12,1000592.09
2026-08-12T19:05:00+00:00,2026-08-12,1000653.24
2026-08-12T19:10:00+00:00,2026-08-12,1000642.87
2026-08-12T19:15:00+00:00,2026-08-12,1000610.7
2026-08-12T19:20:00+00:00,2026-08-12,1000650.92
2026-08-12T19:25:00+00:00,2026-08-12,1000542.81
2026-08-12T19:30:00+00:00,2026-08-12,1000590.83
2026-08-12T19:35:00+00:00,2026-08-12,1000597.19
2026-08-12T19:40:00+00:00,2026-08-12,1000628.64
2026-08-12T19:45:00+00:00,2026-08-12,1000567.65
2026-08-12T19:50:00+00:00,2026-08-12,1000591.86
2026-08-12T19:55:00+00:00,2026-08-12,1000514.43
2026-08-12T20:00:00+00:00,2026-08-12,1000549.15
2026-08-13T13:30:00+00:00,2026-08-13,1001459.92
2026-08-13T13:35:00+00:00,2026-08-13,1001322.85
2026-08-13T13:40:00+00:00,2026-08-13,1001782.91
2026-08-13T13:45:00+00:00,2026-08-13,1001763.29
2026-08-13T13:50:00+00:00,2026-08-13,1002262.23
2026-08-13T13:55:00+00:00,2026-08-13,1002410.15
2026-08-13T14:00:00+00:00,2026-08-13,1002623.46
2026-08-13T14:05:00+00:00,2026-08-13,1002514.02
2026-08-13T14:10:00+00:00,2026-08-13,1002405.18
2026-08-13T14:15:00+00:00,2026-08-13,1002466.53
2026-08-13T14:20:00+00:00,2026-08-13,1002304.67
2026-08-13T14:25:00+00:00,2026-08-13,1002600.18
2026-08-13T14:30:00+00:00,2026-08-13,1002631.37
2026-08-13T14:35:00+00:00,2026-08-13,1002703.06
2026-08-13T14:40:00+00:00,2026-08-13,1002647.23
2026-08-13T14:45:00+00:00,2026-08-13,1002517.75
2026-08-13T14:50:00+00:00,2026-08-13,1002419.12
2026-08-13T14:55:00+00:00,2026-08-13,1002448.47
2026-08-13T15:00:00+00:00,2026-08-13,1002363.05
2026-08-13T15:05:00+00:00,2026-08-13,1002342.37
2026-08-13T15:10:00+00:00,2026-08-13,1002563.64
2026-08-13T15:15:00+00:00,2026-08-13,1002433.71
2026-08-13T15:20:00+00:00,2026-08-13,1002581.66
2026-08-13T15:25:00+00:00,2026-08-13,1002711.07
2026-08-13T15:30:00+00:00,2026-08-13,1002396.63
2026-08-13T15:35:00+00:00,2026-08-13,1002176.4
2026-08-13T15:40:00+00:00,2026-08-13,1002319.72
2026-08-13T15:45:00+00:00,2026-08-13,1002366.31
2026-08-13T15:50:00+00:00,2026-08-13,1002261.35
2026-08-13T15:55:00+00:00,2026-08-13,1002133.21
2026-08-13T16:00:00+00:00,2026-08-13,1002244.04
2026-08-13T16:05:00+00:00,2026-08-13,1002348.81
2026-08-13T16:10:00+00:00,2026-08-13,1002395.56
2026-08-13T16:15:00+00:00,2026-08-13,1002334.58
2026-08-13T16:20:00+00:00,2026-08-13,1002352.77
2026-08-13T16:25:00+00:00,2026-08-13,1002392.17
2026-08-13T16:30:00+00:00,2026-08-13,1002455.3
2026-08-13T16:35:00+00:00,2026-08-13,1002389.61
2026-08-13T16:40:00+00:00,2026-08-13,1002237.35
2026-08-13T16:45:00+00:00,2026-08-13,1002348.97
2026-08-13T16:50:00+00:00,2026-08-13,1002371.71
2026-08-13T16:55:00+00:00,2026-08-13,1002295.29
2026-08-13T17:00:00+00:00,2026-08-13,1002337.05
2026-08-13T17:05:00+00:00,2026-08-13,1002409.48
2026-08-13T17:10:00+00:00,2026-08-13,1002464.32
2026-08-13T17:15:00+00:00,2026-08-13,1002442.39
2026-08-13T17:20:00+00:00,2026-08-13,1002531.98
2026-08-13T17:25:00+00:00,2026-08-13,1002515.78
2026-08-13T17:30:00+00:00,2026-08-13,1002504.41
2026-08-13T17:35:00+00:00,2026-08-13,1002553.56
2026-08-13T17:40:00+00:00,2026-08-13,1002505.36
2026-08-13T17:45:00+00:00,2026-08-13,1002353.27
2026-08-13T17:50:00+00:00,2026-08-13,1002313.89
2026-08-13T17:55:00+00:00,2026-08-13,1002053.56
2026-08-13T18:00:00+00:00,2026-08-13,1002043.97
2026-08-13T18:05:00+00:00,2026-08-13,1002147.16
2026-08-13T18:10:00+00:00,2026-08-13,1002124.18
2026-08-13T18:15:00+00:00,2026-08-13,1002192.08
2026-08-13T18:20:00+00:00,2026-08-13,1002144.32
2026-08-13T18:25:00+00:00,2026-08-13,1002095.15
2026-08-13T18:30:00+00:00,2026-08-13,1002069.18
2026-08-13T18:35:00+00:00,2026-08-13,1002095.51
2026-08-13T18:40:00+00:00,2026-08-13,1002071.94
2026-08-13T18:45:00+00:00,2026-08-13,1002088.71
2026-08-13T18:50:00+00:00,2026-08-13,1002200.86
2026-08-13T18:55:00+00:00,2026-08-13,1002129.77
2026-08-13T19:00:00+00:00,2026-08-13,1002128.36
2026-08-13T19:05:00+00:00,2026-08-13,1002154.89
2026-08-13T19:10:00+00:00,2026-08-13,1002343.49
2026-08-13T19:15:00+00:00,2026-08-13,1002147.56
2026-08-13T19:20:00+00:00,2026-08-13,1002410.76
2026-08-13T19:25:00+00:00,2026-08-13,1002342.66
2026-08-13T19:30:00+00:00,2026-08-13,1002248.22
2026-08-13T19:35:00+00:00,2026-08-13,1002120.2
2026-08-13T19:40:00+00:00,2026-08-13,1002146.15
2026-08-13T19:45:00+00:00,2026-08-13,1002021.19
2026-08-13T19:50:00+00:00,2026-08-13,1002002.76
2026-08-13T19:55:00+00:00,2026-08-13,1001871.02
2026-08-13T20:00:00+00:00,2026-08-13,1001845.48
2026-08-14T13:30:00+00:00,2026-08-14,1002356.45
2026-08-14T13:35:00+00:00,2026-08-14,1001844.66
2026-08-14T13:40:00+00:00,2026-08-14,1001891.01
2026-08-14T13:45:00+00:00,2026-08-14,1002168.19
2026-08-14T13:50:00+00:00,2026-08-14,1002079.57
2026-08-14T13:55:00+00:00,2026-08-14,1002069.4
2026-08-14T14:00:00+00:00,2026-08-14,1001958.13
2026-08-14T14:05:00+00:00,2026-08-14,1002072.19
2026-08-14T14:10:00+00:00,2026-08-14,1002102.39
2026-08-14T14:15:00+00:00,2026-08-14,1001986.21
2026-08-14T14:20:00+00:00,2026-08-14,1001793.94
2026-08-14T14:25:00+00:00,2026-08-14,1001745.34
2026-08-14T14:30:00+00:00,2026-08-14,1001749.06
2026-08-14T14:35:00+00:00,2026-08-14,1001659.24
2026-08-14T14:40:00+00:00,2026-08-14,1001694.31
2026-08-14T14:45:00+00:00,2026-08-14,1001675.72
2026-08-14T14:50:00+00:00,2026-08-14,1001706.95
2026-08-14T14:55:00+00:00,2026-08-14,1001622.95
2026-08-14T15:00:00+00:00,2026-08-14,1001578.4
2026-08-14T15:05:00+00:00,2026-08-14,1001638.03
2026-08-14T15:10:00+00:00,2026-08-14,1001584.69
2026-08-14T15:15:00+00:00,2026-08-14,1001430.84
2026-08-14T15:20:00+00:00,2026-08-14,1001488.45
2026-08-14T15:25:00+00:00,2026-08-14,1001210.31
2026-08-14T15:30:00+00:00,2026-08-14,1001301.54
2026-08-14T15:35:00+00:00,2026-08-14,1001236.56
2026-08-14T15:40:00+00:00,2026-08-14,1001209.23
2026-08-14T15:45:00+00:00,2026-08-14,1001204.93
2026-08-14T15:50:00+00:00,2026-08-14,1001208.09
2026-08-14T15:55:00+00:00,2026-08-14,1001340.33
2026-08-14T16:00:00+00:00,2026-08-14,1001397.57
2026-08-14T16:05:00+00:00,2026-08-14,1001419.86
2026-08-14T16:10:00+00:00,2026-08-14,1001344.59
2026-08-14T16:15:00+00:00,2026-08-14,1001466.48
2026-08-14T16:20:00+00:00,2026-08-14,1001499.65
2026-08-14T16:25:00+00:00,2026-08-14,1001554.31
2026-08-14T16:30:00+00:00,2026-08-14,1001563.14
2026-08-14T16:35:00+00:00,2026-08-14,1001543.62
2026-08-14T16:40:00+00:00,2026-08-14,1001594.49
2026-08-14T16:45:00+00:00,2026-08-14,1001481.13
2026-08-14T16:50:00+00:00,2026-08-14,1001513.6
2026-08-14T16:55:00+00:00,2026-08-14,1001408.54
2026-08-14T17:00:00+00:00,2026-08-14,1001419.21
2026-08-14T17:05:00+00:00,2026-08-14,1001501.7
2026-08-14T17:10:00+00:00,2026-08-14,1001562.16
2026-08-14T17:15:00+00:00,2026-08-14,1001545.87
2026-08-14T17:20:00+00:00,2026-08-14,1001569.71
2026-08-14T17:25:00+00:00,2026-08-14,1001540.5
2026-08-14T17:30:00+00:00,2026-08-14,1001579.47
2026-08-14T17:35:00+00:00,2026-08-14,1001632.75
2026-08-14T17:40:00+00:00,2026-08-14,1001491.7
2026-08-14T17:45:00+00:00,2026-08-14,1001519.72
2026-08-14T17:50:00+00:00,2026-08-14,1001422.59
2026-08-14T17:55:00+00:00,2026-08-14,1001586.24
2026-08-14T18:00:00+00:00,2026-08-14,1001624.65
2026-08-14T18:05:00+00:00,2026-08-14,1001682.92
2026-08-14T18:10:00+00:00,2026-08-14,1001661.25
2026-08-14T18:15:00+00:00,2026-08-14,1001647.21
2026-08-14T18:20:00+00:00,2026-08-14,1001696.52
2026-08-14T18:25:00+00:00,2026-08-14,1001636.83
2026-08-14T18:30:00+00:00,2026-08-14,1001608.77
2026-08-14T18:35:00+00:00,2026-08-14,1001577.68
2026-08-14T18:40:00+00:00,2026-08-14,1001566.58
2026-08-14T18:45:00+00:00,2026-08-14,1001668.56
2026-08-14T18:50:00+00:00,2026-08-14,1001685.11
2026-08-14T18:55:00+00:00,2026-08-14,1001718.15
2026-08-14T19:00:00+00:00,2026-08-14,1001691.58
2026-08-14T19:05:00+00:00,2026-08-14,1001705.75
2026-08-14T19:10:00+00:00,2026-08-14,1001768.82
2026-08-14T19:15:00+00:00,2026-08-14,1001741.38
2026-08-14T19:20:00+00:00,2026-08-14,1001677.54
2026-08-14T19:25:00+00:00,2026-08-14,1001735.44
2026-08-14T19:30:00+00:00,2026-08-14,1001829.31
2026-08-14T19:35:00+00:00,2026-08-14,1001755.53
2026-08-14T19:40:00+00:00,2026-08-14,1001699.93
2026-08-14T19:45:00+00:00,2026-08-14,1001707.66
2026-08-14T19:50:00+00:00,2026-08-14,1001726.31
2026-08-14T19:55:00+00:00,2026-08-14,1001788.75
2026-08-14T20:00:00+00:00,2026-08-14,1001817.04
2026-08-17T13:30:00+00:00,2026-08-17,1001569.76
2026-08-17T13:35:00+00:00,2026-08-17,1001311.16
2026-08-17T13:40:00+00:00,2026-08-17,1001195.46
2026-08-17T13:45:00+00:00,2026-08-17,1001468.87
2026-08-17T13:50:00+00:00,2026-08-17,1001630.67
2026-08-17T13:55:00+00:00,2026-08-17,1001585.67
2026-08-17T14:00:00+00:00,2026-08-17,1001475.24
2026-08-17T14:05:00+00:00,2026-08-17,1001411.77
2026-08-17T14:10:00+00:00,2026-08-17,1001349.21
2026-08-17T14:15:00+00:00,2026-08-17,1001415.82
2026-08-17T14:20:00+00:00,2026-08-17,1001195.2
2026-08-17T14:25:00+00:00,2026-08-17,1001242.57
2026-08-17T14:30:00+00:00,2026-08-17,1001312.85
2026-08-17T14:35:00+00:00,2026-08-17,1001379.86
2026-08-17T14:40:00+00:00,2026-08-17,1001281.36
2026-08-17T14:45:00+00:00,2026-08-17,1001270.39
2026-08-17T14:50:00+00:00,2026-08-17,1001414.72
2026-08-17T14:55:00+00:00,2026-08-17,1001415.02
2026-08-17T15:00:00+00:00,2026-08-17,1001465.05
2026-08-17T15:05:00+00:00,2026-08-17,1001623.09
2026-08-17T15:10:00+00:00,2026-08-17,1001544.76
2026-08-17T15:15:00+00:00,2026-08-17,1001485.08
2026-08-17T15:20:00+00:00,2026-08-17,1001546.51
2026-08-17T15:25:00+00:00,2026-08-17,1001518.34
2026-08-17T15:30:00+00:00,2026-08-17,1001466.05
2026-08-17T15:35:00+00:00,2026-08-17,1001360.12
2026-08-17T15:40:00+00:00,2026-08-17,1001222.33
2026-08-17T15:45:00+00:00,2026-08-17,1001245.07
2026-08-17T15:50:00+00:00,2026-08-17,1001196.59
2026-08-17T15:55:00+00:00,2026-08-17,1001273.1
2026-08-17T16:00:00+00:00,2026-08-17,1001262.83
2026-08-17T16:05:00+00:00,2026-08-17,1001195.86
2026-08-17T16:10:00+00:00,2026-08-17,1001174.3
2026-08-17T16:15:00+00:00,2026-08-17,1001208.49
2026-08-17T16:20:00+00:00,2026-08-17,1001256.98
2026-08-17T16:25:00+00:00,2026-08-17,1001247.99
2026-08-17T16:30:00+00:00,2026-08-17,1001257.27
2026-08-17T16:35:00+00:00,2026-08-17,1001234.22
2026-08-17T16:40:00+00:00,2026-08-17,1001281.53
2026-08-17T16:45:00+00:00,2026-08-17,1001205.7
2026-08-17T16:50:00+00:00,2026-08-17,1001236.96
2026-08-17T16:55:00+00:00,2026-08-17,1001241.37
2026-08-17T17:00:00+00:00,2026-08-17,1001197.79
2026-08-17T17:05:00+00:00,2026-08-17,1001180.84
2026-08-17T17:10:00+00:00,2026-08-17,1001087.17
2026-08-17T17:15:00+00:00,2026-08-17,1000971.23
2026-08-17T17:20:00+00:00,2026-08-17,1000936.07
2026-08-17T17:25:00+00:00,2026-08-17,1000812.6
2026-08-17T17:30:00+00:00,2026-08-17,1000723.71
2026-08-17T17:35:00+00:00,2026-08-17,1000708.68
2026-08-17T17:40:00+00:00,2026-08-17,1000628.21
2026-08-17T17:45:00+00:00,2026-08-17,1000783.63
2026-08-17T17:50:00+00:00,2026-08-17,1000756.42
2026-08-17T17:55:00+00:00,2026-08-17,1000777.27
2026-08-17T18:00:00+00:00,2026-08-17,1000730.05
2026-08-17T18:05:00+00:00,2026-08-17,1000737.16
2026-08-17T18:10:00+00:00,2026-08-17,1000741.01
2026-08-17T18:15:00+00:00,2026-08-17,1000820.67
2026-08-17T18:20:00+00:00,2026-08-17,1000818.37
2026-08-17T18:25:00+00:00,2026-08-17,1000884.3
2026-08-17T18:30:00+00:00,2026-08-17,1000829.69
2026-08-17T18:35:00+00:00,2026-08-17,1000757.32
2026-08-17T18:40:00+00:00,2026-08-17,1000784.59
2026-08-17T18:45:00+00:00,2026-08-17,1000832.08
2026-08-17T18:50:00+00:00,2026-08-17,1000840.28
2026-08-17T18:55:00+00:00,2026-08-17,1000800.89
2026-08-17T19:00:00+00:00,2026-08-17,1000806.47
2026-08-17T19:05:00+00:00,2026-08-17,1000742.24
2026-08-17T19:10:00+00:00,2026-08-17,1000712.86
2026-08-17T19:15:00+00:00,2026-08-17,1000662.52
2026-08-17T19:20:00+00:00,2026-08-17,1000722.96
2026-08-17T19:25:00+00:00,2026-08-17,1000710.83
2026-08-17T19:30:00+00:00,2026-08-17,1000682.84
2026-08-17T19:35:00+00:00,2026-08-17,1000717.21
2026-08-17T19:40:00+00:00,2026-08-17,1000809.46
2026-08-17T19:45:00+00:00,2026-08-17,1000799.16
2026-08-17T19:50:00+00:00,2026-08-17,1000940.89
2026-08-17T19:55:00+00:00,2026-08-17,1000806.08
2026-08-17T20:00:00+00:00,2026-08-17,1000744.2
2026-08-18T13:30:00+00:00,2026-08-18,999431.9
2026-08-18T13:35:00+00:00,2026-08-18,999220.25
2026-08-18T13:40:00+00:00,2026-08-18,999209.91
2026-08-18T13:45:00+00:00,2026-08-18,999054.61
2026-08-18T13:50:00+00:00,2026-08-18,998977.8
2026-08-18T13:55:00+00:00,2026-08-18,999027.2
2026-08-18T14:00:00+00:00,2026-08-18,999031.04
2026-08-18T14:05:00+00:00,2026-08-18,999023.82
2026-08-18T14:10:00+00:00,2026-08-18,998926.19
2026-08-18T14:15:00+00:00,2026-08-18,998765.71
2026-08-18T14:20:00+00:00,2026-08-18,998845.26
2026-08-18T14:25:00+00:00,2026-08-18,998994.25
2026-08-18T14:30:00+00:00,2026-08-18,999032.43
2026-08-18T14:35:00+00:00,2026-08-18,998998.33
2026-08-18T14:40:00+00:00,2026-08-18,999086.44
2026-08-18T14:45:00+00:00,2026-08-18,998958.47
2026-08-18T14:50:00+00:00,2026-08-18,998923.76
2026-08-18T14:55:00+00:00,2026-08-18,998736.54
2026-08-18T15:00:00+00:00,2026-08-18,998673.7
2026-08-18T15:05:00+00:00,2026-08-18,998768.51
2026-08-18T15:10:00+00:00,2026-08-18,998565.9
2026-08-18T15:15:00+00:00,2026-08-18,998536.21
2026-08-18T15:20:00+00:00,2026-08-18,998502.65
2026-08-18T15:25:00+00:00,2026-08-18,998553.77
2026-08-18T15:30:00+00:00,2026-08-18,998661.34
2026-08-18T15:35:00+00:00,2026-08-18,998676.39
2026-08-18T15:40:00+00:00,2026-08-18,998572.35
2026-08-18T15:45:00+00:00,2026-08-18,998682.52
2026-08-18T15:50:00+00:00,2026-08-18,998767.79
2026-08-18T15:55:00+00:00,2026-08-18,998815.34
2026-08-18T16:00:00+00:00,2026-08-18,998743.66
2026-08-18T16:05:00+00:00,2026-08-18,998753.14
2026-08-18T16:10:00+00:00,2026-08-18,998725.32
2026-08-18T16:15:00+00:00,2026-08-18,998738.37
2026-08-18T16:20:00+00:00,2026-08-18,998668.96
2026-08-18T16:25:00+00:00,2026-08-18,998774.7
2026-08-18T16:30:00+00:00,2026-08-18,998621.1
2026-08-18T16:35:00+00:00,2026-08-18,998708.42
2026-08-18T16:40:00+00:00,2026-08-18,998769.77
2026-08-18T16:45:00+00:00,2026-08-18,998752.88
2026-08-18T16:50:00+00:00,2026-08-18,998901.8
2026-08-18T16:55:00+00:00,2026-08-18,998899.61
2026-08-18T17:00:00+00:00,2026-08-18,998834.23
2026-08-18T17:05:00+00:00,2026-08-18,998820.96
2026-08-18T17:10:00+00:00,2026-08-18,998839.05
2026-08-18T17:15:00+00:00,2026-08-18,998813.18
2026-08-18T17:20:00+00:00,2026-08-18,998682.15
2026-08-18T17:25:00+00:00,2026-08-18,998657.03
2026-08-18T17:30:00+00:00,2026-08-18,998700.52
2026-08-18T17:35:00+00:00,2026-08-18,998661.8
2026-08-18T17:40:00+00:00,2026-08-18,998705.39
2026-08-18T17:45:00+00:00,2026-08-18,998659.16
2026-08-18T17:50:00+00:00,2026-08-18,998617.05
2026-08-18T17:55:00+00:00,2026-08-18,998580.13
2026-08-18T18:00:00+00:00,2026-08-18,998460.2
2026-08-18T18:05:00+00:00,2026-08-18,998505.12
2026-08-18T18:10:00+00:00,2026-08-18,998398.77
2026-08-18T18:15:00+00:00,2026-08-18,998514.98
2026-08-18T18:20:00+00:00,2026-08-18,998675.05
2026-08-18T18:25:00+00:00,2026-08-18,998657.46
2026-08-18T18:30:00+00:00,2026-08-18,998689.71
2026-08-18T18:35:00+00:00,2026-08-18,998690.53
2026-08-18T18:40:00+00:00,2026-08-18,998703.02
2026-08-18T18:45:00+00:00,2026-08-18,998673.65
2026-08-18T18:50:00+00:00,2026-08-18,998669.16
2026-08-18T18:55:00+00:00,2026-08-18,998586.43
2026-08-18T19:00:00+00:00,2026-08-18,998544.84
2026-08-18T19:05:00+00:00,2026-08-18,998556.05
2026-08-18T19:10:00+00:00,2026-08-18,998618.3
2026-08-18T19:15:00+00:00,2026-08-18,998574.15
2026-08-18T19:20:00+00:00,2026-08-18,998608.27
2026-08-18T19:25:00+00:00,2026-08-18,998722.15
2026-08-18T19:30:00+00:00,2026-08-18,998689.27
2026-08-18T19:35:00+00:00,2026-08-18,998652.9
2026-08-18T19:40:00+00:00,2026-08-18,998665.15
2026-08-18T19:45:00+00:00,2026-08-18,998655.83
2026-08-18T19:50:00+00:00,2026-08-18,998686.09
2026-08-18T19:55:00+00:00,2026-08-18,998475.33
2026-08-18T20:00:00+00:00,2026-08-18,998511.5
2026-08-19T13:30:00+00:00,2026-08-19,999551.11
2026-08-19T13:35:00+00:00,2026-08-19,999449.29
2026-08-19T13:40:00+00:00,2026-08-19,999289.32
2026-08-19T13:45:00+00:00,2026-08-19,999363.93
2026-08-19T13:50:00+00:00,2026-08-19,998741.7
2026-08-19T13:55:00+00:00,2026-08-19,998925.52
2026-08-19T14:00:00+00:00,2026-08-19,998930.97
2026-08-19T14:05:00+00:00,2026-08-19,998743.24
2026-08-19T14:10:00+00:00,2026-08-19,998796.09
2026-08-19T14:15:00+00:00,2026-08-19,998104.75
2026-08-19T14:20:00+00:00,2026-08-19,998233.33
2026-08-19T14:25:00+00:00,2026-08-19,999006.0
2026-08-19T14:30:00+00:00,2026-08-19,999857.01
2026-08-19T14:35:00+00:00,2026-08-19,1000155.62
2026-08-19T14:40:00+00:00,2026-08-19,1001289.89
2026-08-19T14:45:00+00:00,2026-08-19,1000696.04
2026-08-19T14:50:00+00:00,2026-08-19,999766.5
2026-08-19T14:55:00+00:00,2026-08-19,1000241.47
2026-08-19T15:00:00+00:00,2026-08-19,1000632.11
2026-08-19T15:05:00+00:00,2026-08-19,1000151.02
2026-08-19T15:10:00+00:00,2026-08-19,1000372.07
2026-08-19T15:15:00+00:00,2026-08-19,1000913.45
2026-08-19T15:20:00+00:00,2026-08-19,1000677.83
2026-08-19T15:25:00+00:00,2026-08-19,1000597.85
2026-08-19T15:30:00+00:00,2026-08-19,1000703.33
2026-08-19T15:35:00+00:00,2026-08-19,1000290.81
2026-08-19T15:40:00+00:00,2026-08-19,1000264.83
2026-08-19T15:45:00+00:00,2026-08-19,1000482.53
2026-08-19T15:50:00+00:00,2026-08-19,1000104.72
2026-08-19T15:55:00+00:00,2026-08-19,999875.37
2026-08-19T16:00:00+00:00,2026-08-19,1000187.43
2026-08-19T16:05:00+00:00,2026-08-19,1000609.22
2026-08-19T16:10:00+00:00,2026-08-19,1000820.35
2026-08-19T16:15:00+00:00,2026-08-19,1000536.55
2026-08-19T16:20:00+00:00,2026-08-19,1000802.38
2026-08-19T16:25:00+00:00,2026-08-19,1000629.94
2026-08-19T16:30:00+00:00,2026-08-19,1000205.95
2026-08-19T16:35:00+00:00,2026-08-19,1000372.22
2026-08-19T16:40:00+00:00,2026-08-19,1000654.89
2026-08-19T16:45:00+00:00,2026-08-19,1000600.17
2026-08-19T16:50:00+00:00,2026-08-19,1000366.62
2026-08-19T16:55:00+00:00,2026-08-19,1000126.19
2026-08-19T17:00:00+00:00,2026-08-19,999893.73
2026-08-19T17:05:00+00:00,2026-08-19,999872.74
2026-08-19T17:10:00+00:00,2026-08-19,999714.12
2026-08-19T17:15:00+00:00,2026-08-19,999880.43
2026-08-19T17:20:00+00:00,2026-08-19,999565.31
2026-08-19T17:25:00+00:00,2026-08-19,999459.81
2026-08-19T17:30:00+00:00,2026-08-19,999618.75
2026-08-19T17:35:00+00:00,2026-08-19,999461.35
2026-08-19T17:40:00+00:00,2026-08-19,999351.81
2026-08-19T17:45:00+00:00,2026-08-19,999489.65
2026-08-19T17:50:00+00:00,2026-08-19,999571.73
2026-08-19T17:55:00+00:00,2026-08-19,999583.62
2026-08-19T18:00:00+00:00,2026-08-19,999377.29
2026-08-19T18:05:00+00:00,2026-08-19,999477.92
2026-08-19T18:10:00+00:00,2026-08-19,998588.44
2026-08-19T18:15:00+00:00,2026-08-19,998645.96
2026-08-19T18:20:00+00:00,2026-08-19,998792.21
2026-08-19T18:25:00+00:00,2026-08-19,998672.91
2026-08-19T18:30:00+00:00,2026-08-19,999085.17
2026-08-19T18:35:00+00:00,2026-08-19,999606.77
2026-08-19T18:40:00+00:00,2026-08-19,998970.32
2026-08-19T18:45:00+00:00,2026-08-19,999374.54
2026-08-19T18:50:00+00:00,2026-08-19,998868.26
2026-08-19T18:55:00+00:00,2026-08-19,998909.42
2026-08-19T19:00:00+00:00,2026-08-19,998794.06
2026-08-19T19:05:00+00:00,2026-08-19,998634.37
2026-08-19T19:10:00+00:00,2026-08-19,998875.83
2026-08-19T19:15:00+00:00,2026-08-19,998853.41
2026-08-19T19:20:00+00:00,2026-08-19,998868.89
2026-08-19T19:25:00+00:00,2026-08-19,999173.16
2026-08-19T19:30:00+00:00,2026-08-19,999101.46
2026-08-19T19:35:00+00:00,2026-08-19,999359.82
2026-08-19T19:40:00+00:00,2026-08-19,998710.92
2026-08-19T19:45:00+00:00,2026-08-19,998502.9
2026-08-19T19:50:00+00:00,2026-08-19,998491.72
2026-08-19T19:55:00+00:00,2026-08-19,998409.82
2026-08-19T20:00:00+00:00,2026-08-19,998593.73
2026-08-20T13:30:00+00:00,2026-08-20,996560.69
2026-08-20T13:35:00+00:00,2026-08-20,997514.65
2026-08-20T13:40:00+00:00,2026-08-20,997470.69
2026-08-20T13:45:00+00:00,2026-08-20,997066.79
2026-08-20T13:50:00+00:00,2026-08-20,997204.81
2026-08-20T13:55:00+00:00,2026-08-20,997467.01
2026-08-20T14:00:00+00:00,2026-08-20,997072.04
2026-08-20T14:05:00+00:00,2026-08-20,996762.62
2026-08-20T14:10:00+00:00,2026-08-20,997020.4
2026-08-20T14:15:00+00:00,2026-08-20,996807.82
2026-08-20T14:20:00+00:00,2026-08-20,996808.3
2026-08-20T14:25:00+00:00,2026-08-20,997858.97
2026-08-20T14:30:00+00:00,2026-08-20,997268.0
2026-08-20T14:35:00+00:00,2026-08-20,997438.85
2026-08-20T14:40:00+00:00,2026-08-20,997772.76
2026-08-20T14:45:00+00:00,2026-08-20,997941.07
2026-08-20T14:50:00+00:00,2026-08-20,998161.98
2026-08-20T14:55:00+00:00,2026-08-20,998228.29
2026-08-20T15:00:00+00:00,2026-08-20,998418.03
2026-08-20T15:05:00+00:00,2026-08-20,999249.64
2026-08-20T15:10:00+00:00,2026-08-20,998679.97
2026-08-20T15:15:00+00:00,2026-08-20,998973.69
2026-08-20T15:20:00+00:00,2026-08-20,999090.0
2026-08-20T15:25:00+00:00,2026-08-20,998492.12
2026-08-20T15:30:00+00:00,2026-08-20,998750.72
2026-08-20T15:35:00+00:00,2026-08-20,998138.05
2026-08-20T15:40:00+00:00,2026-08-20,997812.86
2026-08-20T15:45:00+00:00,2026-08-20,997521.75
2026-08-20T15:50:00+00:00,2026-08-20,997933.03
2026-08-20T15:55:00+00:00,2026-08-20,997829.63
2026-08-20T16:00:00+00:00,2026-08-20,997777.11
2026-08-20T16:05:00+00:00,2026-08-20,997587.84
2026-08-20T16:10:00+00:00,2026-08-20,997925.36
2026-08-20T16:15:00+00:00,2026-08-20,997606.08
2026-08-20T16:20:00+00:00,2026-08-20,997683.27
2026-08-20T16:25:00+00:00,2026-08-20,998047.68
2026-08-20T16:30:00+00:00,2026-08-20,997865.5
2026-08-20T16:35:00+00:00,2026-08-20,998033.31
2026-08-20T16:40:00+00:00,2026-08-20,998125.22
2026-08-20T16:45:00+00:00,2026-08-20,998307.92
2026-08-20T16:50:00+00:00,2026-08-20,998108.23
2026-08-20T16:55:00+00:00,2026-08-20,998017.41
2026-08-20T17:00:00+00:00,2026-08-20,998080.86
2026-08-20T17:05:00+00:00,2026-08-20,997894.32
2026-08-20T17:10:00+00:00,2026-08-20,997719.28
2026-08-20T17:15:00+00:00,2026-08-20,997702.25
2026-08-20T17:20:00+00:00,2026-08-20,997502.86
2026-08-20T17:25:00+00:00,2026-08-20,997680.47
2026-08-20T17:30:00+00:00,2026-08-20,997593.75
2026-08-20T17:35:00+00:00,2026-08-20,997584.92
2026-08-20T17:40:00+00:00,2026-08-20,997357.72
2026-08-20T17:45:00+00:00,2026-08-20,997408.92
2026-08-20T17:50:00+00:00,2026-08-20,997580.01
2026-08-20T17:55:00+00:00,2026-08-20,997539.09
2026-08-20T18:00:00+00:00,2026-08-20,997602.63
2026-08-20T18:05:00+00:00,2026-08-20,997642.8
2026-08-20T18:10:00+00:00,2026-08-20,997565.59
2026-08-20T18:15:00+00:00,2026-08-20,997292.06
2026-08-20T18:20:00+00:00,2026-08-20,997477.78
2026-08-20T18:25:00+00:00,2026-08-20,997488.71
2026-08-20T18:30:00+00:00,2026-08-20,997507.73
2026-08-20T18:35:00+00:00,2026-08-20,997587.07
2026-08-20T18:40:00+00:00,2026-08-20,997718.99
2026-08-20T18:45:00+00:00,2026-08-20,997761.49
2026-08-20T18:50:00+00:00,2026-08-20,997743.54
2026-08-20T18:55:00+00:00,2026-08-20,997718.71
2026-08-20T19:00:00+00:00,2026-08-20,997425.46
2026-08-20T19:05:00+00:00,2026-08-20,997529.54
2026-08-20T19:10:00+00:00,2026-08-20,997821.17
2026-08-20T19:15:00+00:00,2026-08-20,997780.59
2026-08-20T19:20:00+00:00,2026-08-20,997845.99
2026-08-20T19:25:00+00:00,2026-08-20,997931.21
2026-08-20T19:30:00+00:00,2026-08-20,997597.8
2026-08-20T19:35:00+00:00,2026-08-20,997541.83
2026-08-20T19:40:00+00:00,2026-08-20,997933.18
2026-08-20T19:45:00+00:00,2026-08-20,997874.23
2026-08-20T19:50:00+00:00,2026-08-20,997881.79
2026-08-20T19:55:00+00:00,2026-08-20,997936.92
2026-08-20T20:00:00+00:00,2026-08-20,997877.27
2026-08-21T13:30:00+00:00,2026-08-21,1000984.49
2026-08-21T13:35:00+00:00,2026-08-21,1000339.39
2026-08-21T13:40:00+00:00,2026-08-21,1000815.74
2026-08-21T13:45:00+00:00,2026-08-21,1000380.99
2026-08-21T13:50:00+00:00,2026-08-21,1000225.1
2026-08-21T13:55:00+00:00,2026-08-21,1000170.77
2026-08-21T14:00:00+00:00,2026-08-21,1000118.61
2026-08-21T14:05:00+00:00,2026-08-21,1000373.05
2026-08-21T14:10:00+00:00,2026-08-21,1000277.69
2026-08-21T14:15:00+00:00,2026-08-21,1000308.14
2026-08-21T14:20:00+00:00,2026-08-21,1000358.55
2026-08-21T14:25:00+00:00,2026-08-21,1000585.69
2026-08-21T14:30:00+00:00,2026-08-21,1000526.79
2026-08-21T14:35:00+00:00,2026-08-21,1000154.32
2026-08-21T14:40:00+00:00,2026-08-21,999976.23
2026-08-21T14:45:00+00:00,2026-08-21,1000201.89
2026-08-21T14:50:00+00:00,2026-08-21,1000532.42
2026-08-21T14:55:00+00:00,2026-08-21,1000710.02
2026-08-21T15:00:00+00:00,2026-08-21,1000836.16
2026-08-21T15:05:00+00:00,2026-08-21,1001023.35
2026-08-21T15:10:00+00:00,2026-08-21,1000928.05
2026-08-21T15:15:00+00:00,2026-08-21,1000872.81
2026-08-21T15:20:00+00:00,2026-08-21,1000902.72
2026-08-21T15:25:00+00:00,2026-08-21,1000913.11
2026-08-21T15:30:00+00:00,2026-08-21,1001047.16
2026-08-21T15:35:00+00:00,2026-08-21,1001279.6
2026-08-21T15:40:00+00:00,2026-08-21,1001475.98
2026-08-21T15:45:00+00:00,2026-08-21,1001601.58
2026-08-21T15:50:00+00:00,2026-08-21,1001490.7
2026-08-21T15:55:00+00:00,2026-08-21,1001750.83
2026-08-21T16:00:00+00:00,2026-08-21,1001641.54
2026-08-21T16:05:00+00:00,2026-08-21,1001661.18
2026-08-21T16:10:00+00:00,2026-08-21,1001445.92
2026-08-21T16:15:00+00:00,2026-08-21,1001423.65
2026-08-21T16:20:00+00:00,2026-08-21,1001414.2
2026-08-21T16:25:00+00:00,2026-08-21,1001399.73
2026-08-21T16:30:00+00:00,2026-08-21,1001555.44
2026-08-21T16:35:00+00:00,2026-08-21,1001476.26
2026-08-21T16:40:00+00:00,2026-08-21,1001610.67
2026-08-21T16:45:00+00:00,2026-08-21,1001657.71
2026-08-21T16:50:00+00:00,2026-08-21,1001613.44
2026-08-21T16:55:00+00:00,2026-08-21,1001623.55
2026-08-21T17:00:00+00:00,2026-08-21,1001788.34
2026-08-21T17:05:00+00:00,2026-08-21,1001633.43
2026-08-21T17:10:00+00:00,2026-08-21,1001797.85
2026-08-21T17:15:00+00:00,2026-08-21,1001531.45
2026-08-21T17:20:00+00:00,2026-08-21,1001530.87
2026-08-21T17:25:00+00:00,2026-08-21,1001383.09
2026-08-21T17:30:00+00:00,2026-08-21,1001529.43
2026-08-21T17:35:00+00:00,2026-08-21,1001449.71
2026-08-21T17:40:00+00:00,2026-08-21,1001485.04
2026-08-21T17:45:00+00:00,2026-08-21,1001388.97
2026-08-21T17:50:00+00:00,2026-08-21,1001358.14
2026-08-21T17:55:00+00:00,2026-08-21,1001342.94
2026-08-21T18:00:00+00:00,2026-08-21,1001354.96
2026-08-21T18:05:00+00:00,2026-08-21,1001570.92
2026-08-21T18:10:00+00:00,2026-08-21,1001527.4
2026-08-21T18:15:00+00:00,2026-08-21,1001491.5
2026-08-21T18:20:00+00:00,2026-08-21,1001649.27
2026-08-21T18:25:00+00:00,2026-08-21,1001583.8
2026-08-21T18:30:00+00:00,2026-08-21,1001527.32
2026-08-21T18:35:00+00:00,2026-08-21,1001356.32
2026-08-21T18:40:00+00:00,2026-08-21,1001274.74
2026-08-21T18:45:00+00:00,2026-08-21,1001327.21
2026-08-21T18:50:00+00:00,2026-08-21,1001479.03
2026-08-21T18:55:00+00:00,2026-08-21,1001454.17
2026-08-21T19:00:00+00:00,2026-08-21,1001498.66
2026-08-21T19:05:00+00:00,2026-08-21,1001457.25
2026-08-21T19:10:00+00:00,2026-08-21,1001451.79
2026-08-21T19:15:00+00:00,2026-08-21,1001538.63
2026-08-21T19:20:00+00:00,2026-08-21,1001517.72
2026-08-21T19:25:00+00:00,2026-08-21,1001499.14
2026-08-21T19:30:00+00:00,2026-08-21,1001382.99
2026-08-21T19:35:00+00:00,2026-08-21,1001243.91
2026-08-21T19:40:00+00:00,2026-08-21,1001362.78
2026-08-21T19:45:00+00:00,2026-08-21,1001413.04
2026-08-21T19:50:00+00:00,2026-08-21,1001530.64
2026-08-21T19:55:00+00:00,2026-08-21,1001384.58
2026-08-21T20:00:00+00:00,2026-08-21,1001352.11
2026-08-24T13:30:00+00:00,2026-08-24,1003892.89
2026-08-24T13:35:00+00:00,2026-08-24,1003873.32
2026-08-24T13:40:00+00:00,2026-08-24,1003536.01
2026-08-24T13:45:00+00:00,2026-08-24,1003292.86
2026-08-24T13:50:00+00:00,2026-08-24,1003825.98
2026-08-24T13:55:00+00:00,2026-08-24,1003796.0
2026-08-24T14:00:00+00:00,2026-08-24,1003674.68
2026-08-24T14:05:00+00:00,2026-08-24,1003780.9
2026-08-24T14:10:00+00:00,2026-08-24,1003840.35
2026-08-24T14:15:00+00:00,2026-08-24,1003653.87
2026-08-24T14:20:00+00:00,2026-08-24,1003625.9
2026-08-24T14:25:00+00:00,2026-08-24,1003579.46
2026-08-24T14:30:00+00:00,2026-08-24,1003605.24
2026-08-24T14:35:00+00:00,2026-08-24,1003741.69
2026-08-24T14:40:00+00:00,2026-08-24,1003563.32
2026-08-24T14:45:00+00:00,2026-08-24,1003480.63
2026-08-24T14:50:00+00:00,2026-08-24,1003285.47
2026-08-24T14:55:00+00:00,2026-08-24,1003327.28
2026-08-24T15:00:00+00:00,2026-08-24,1003414.62
2026-08-24T15:05:00+00:00,2026-08-24,1003536.89
2026-08-24T15:10:00+00:00,2026-08-24,1003488.33
2026-08-24T15:15:00+00:00,2026-08-24,1003393.28
2026-08-24T15:20:00+00:00,2026-08-24,1003420.38
2026-08-24T15:25:00+00:00,2026-08-24,1003346.0
2026-08-24T15:30:00+00:00,2026-08-24,1003687.57
2026-08-24T15:35:00+00:00,2026-08-24,1003717.2
2026-08-24T15:40:00+00:00,2026-08-24,1003577.51
2026-08-24T15:45:00+00:00,2026-08-24,1003300.09
2026-08-24T15:50:00+00:00,2026-08-24,1002920.22
2026-08-24T15:55:00+00:00,2026-08-24,1003067.56
2026-08-24T16:00:00+00:00,2026-08-24,1002939.73
2026-08-24T16:05:00+00:00,2026-08-24,1003366.53
2026-08-24T16:10:00+00:00,2026-08-24,1003138.58
2026-08-24T16:15:00+00:00,2026-08-24,1003354.69
2026-08-24T16:20:00+00:00,2026-08-24,1003459.07
2026-08-24T16:25:00+00:00,2026-08-24,1003389.72
2026-08-24T16:30:00+00:00,2026-08-24,1003430.48
2026-08-24T16:35:00+00:00,2026-08-24,1003415.89
2026-08-24T16:40:00+00:00,2026-08-24,1003398.09
2026-08-24T16:45:00+00:00,2026-08-24,1003349.86
2026-08-24T16:50:00+00:00,2026-08-24,1003359.03
2026-08-24T16:55:00+00:00,2026-08-24,1003115.93
2026-08-24T17:00:00+00:00,2026-08-24,1002953.65
2026-08-24T17:05:00+00:00,2026-08-24,1003034.85
2026-08-24T17:10:00+00:00,2026-08-24,1003302.75
2026-08-24T17:15:00+00:00,2026-08-24,1003405.31
2026-08-24T17:20:00+00:00,2026-08-24,1003196.84
2026-08-24T17:25:00+00:00,2026-08-24,1002747.23
2026-08-24T17:30:00+00:00,2026-08-24,1002677.48
2026-08-24T17:35:00+00:00,2026-08-24,1002727.03
2026-08-24T17:40:00+00:00,2026-08-24,1002785.54
2026-08-24T17:45:00+00:00,2026-08-24,1002618.74
2026-08-24T17:50:00+00:00,2026-08-24,1002529.09
2026-08-24T17:55:00+00:00,2026-08-24,1002503.1
2026-08-24T18:00:00+00:00,2026-08-24,1002468.45
2026-08-24T18:05:00+00:00,2026-08-24,1002713.72
2026-08-24T18:10:00+00:00,2026-08-24,1002611.75
2026-08-24T18:15:00+00:00,2026-08-24,1002702.4
2026-08-24T18:20:00+00:00,2026-08-24,1002568.6
2026-08-24T18:25:00+00:00,2026-08-24,1002858.82
2026-08-24T18:30:00+00:00,2026-08-24,1002989.31
2026-08-24T18:35:00+00:00,2026-08-24,1002704.26
2026-08-24T18:40:00+00:00,2026-08-24,1002634.35
2026-08-24T18:45:00+00:00,2026-08-24,1002844.01
2026-08-24T18:50:00+00:00,2026-08-24,1002811.26
2026-08-24T18:55:00+00:00,2026-08-24,1002697.92
2026-08-24T19:00:00+00:00,2026-08-24,1002804.38
2026-08-24T19:05:00+00:00,2026-08-24,1002879.61
2026-08-24T19:10:00+00:00,2026-08-24,1002820.57
2026-08-24T19:15:00+00:00,2026-08-24,1002905.4
2026-08-24T19:20:00+00:00,2026-08-24,1003096.59
2026-08-24T19:25:00+00:00,2026-08-24,1003173.86
2026-08-24T19:30:00+00:00,2026-08-24,1003116.58
2026-08-24T19:35:00+00:00,2026-08-24,1003092.24
2026-08-24T19:40:00+00:00,2026-08-24,1003125.04
2026-08-24T19:45:00+00:00,2026-08-24,1003253.14
2026-08-24T19:50:00+00:00,2026-08-24,1003517.42
2026-08-24T19:55:00+00:00,2026-08-24,1003411.56
2026-08-24T20:00:00+00:00,2026-08-24,1003355.41
2026-08-25T13:30:00+00:00,2026-08-25,1002566.32
2026-08-25T13:35:00+00:00,2026-08-25,1003121.87
2026-08-25T13:40:00+00:00,2026-08-25,1002396.52
2026-08-25T13:45:00+00:00,2026-08-25,1002145.84
2026-08-25T13:50:00+00:00,2026-08-25,1002140.06
2026-08-25T13:55:00+00:00,2026-08-25,1001500.32
2026-08-25T14:00:00+00:00,2026-08-25,1001844.57
2026-08-25T14:05:00+00:00,2026-08-25,1002065.92
2026-08-25T14:10:00+00:00,2026-08-25,1002244.02
2026-08-25T14:15:00+00:00,2026-08-25,1001837.89
2026-08-25T14:20:00+00:00,2026-08-25,1001710.57
2026-08-25T14:25:00+00:00,2026-08-25,1002082.53
2026-08-25T14:30:00+00:00,2026-08-25,1002035.78
2026-08-25T14:35:00+00:00,2026-08-25,1002316.29
2026-08-25T14:40:00+00:00,2026-08-25,1002648.92
2026-08-25T14:45:00+00:00,2026-08-25,1002370.75
2026-08-25T14:50:00+00:00,2026-08-25,1002345.78
2026-08-25T14:55:00+00:00,2026-08-25,1002338.62
2026-08-25T15:00:00+00:00,2026-08-25,1002568.35
2026-08-25T15:05:00+00:00,2026-08-25,1002475.5
2026-08-25T15:10:00+00:00,2026-08-25,1002276.31
2026-08-25T15:15:00+00:00,2026-08-25,1002301.29
2026-08-25T15:20:00+00:00,2026-08-25,1002512.22
2026-08-25T15:25:00+00:00,2026-08-25,1002710.64
2026-08-25T15:30:00+00:00,2026-08-25,1003027.35
2026-08-25T15:35:00+00:00,2026-08-25,1003169.77
2026-08-25T15:40:00+00:00,2026-08-25,1002874.84
2026-08-25T15:45:00+00:00,2026-08-25,1003049.07
2026-08-25T15:50:00+00:00,2026-08-25,1002814.8
2026-08-25T15:55:00+00:00,2026-08-25,1002795.17
2026-08-25T16:00:00+00:00,2026-08-25,1002949.52
2026-08-25T16:05:00+00:00,2026-08-25,1002891.71
2026-08-25T16:10:00+00:00,2026-08-25,1002682.84
2026-08-25T16:15:00+00:00,2026-08-25,1002681.24
2026-08-25T16:20:00+00:00,2026-08-25,1002677.42
2026-08-25T16:25:00+00:00,2026-08-25,1002711.92
2026-08-25T16:30:00+00:00,2026-08-25,1002725.73
2026-08-25T16:35:00+00:00,2026-08-25,1002640.32
2026-08-25T16:40:00+00:00,2026-08-25,1002769.03
2026-08-25T16:45:00+00:00,2026-08-25,1002677.64
2026-08-25T16:50:00+00:00,2026-08-25,1002752.69
2026-08-25T16:55:00+00:00,2026-08-25,1002626.57
2026-08-25T17:00:00+00:00,2026-08-25,1002619.9
2026-08-25T17:05:00+00:00,2026-08-25,1002371.96
2026-08-25T17:10:00+00:00,2026-08-25,1002245.8
2026-08-25T17:15:00+00:00,2026-08-25,1002471.68
2026-08-25T17:20:00+00:00,2026-08-25,1002541.07
2026-08-25T17:25:00+00:00,2026-08-25,1002387.95
2026-08-25T17:30:00+00:00,2026-08-25,1002193.99
2026-08-25T17:35:00+00:00,2026-08-25,1002099.25
2026-08-25T17:40:00+00:00,2026-08-25,1002143.17
2026-08-25T17:45:00+00:00,2026-08-25,1002238.04
2026-08-25T17:50:00+00:00,2026-08-25,1002294.91
2026-08-25T17:55:00+00:00,2026-08-25,1002299.64
2026-08-25T18:00:00+00:00,2026-08-25,1002257.74
2026-08-25T18:05:00+00:00,2026-08-25,1002046.08
2026-08-25T18:10:00+00:00,2026-08-25,1002219.55
2026-08-25T18:15:00+00:00,2026-08-25,1002277.09
2026-08-25T18:20:00+00:00,2026-08-25,1002452.05
2026-08-25T18:25:00+00:00,2026-08-25,1002557.77
2026-08-25T18:30:00+00:00,2026-08-25,1002662.1
2026-08-25T18:35:00+00:00,2026-08-25,1002772.69
2026-08-25T18:40:00+00:00,2026-08-25,1002855.09
2026-08-25T18:45:00+00:00,2026-08-25,1002907.34
2026-08-25T18:50:00+00:00,2026-08-25,1002983.35
2026-08-25T18:55:00+00:00,2026-08-25,1003068.02
2026-08-25T19:00:00+00:00,2026-08-25,1003255.2
2026-08-25T19:05:00+00:00,2026-08-25,1002998.89
2026-08-25T19:10:00+00:00,2026-08-25,1003146.35
2026-08-25T19:15:00+00:00,2026-08-25,1003164.66
2026-08-25T19:20:00+00:00,2026-08-25,1003215.51
2026-08-25T19:25:00+00:00,2026-08-25,1003251.39
2026-08-25T19:30:00+00:00,2026-08-25,1003338.53
2026-08-25T19:35:00+00:00,2026-08-25,1003280.73
2026-08-25T19:40:00+00:00,2026-08-25,1003235.6
2026-08-25T19:45:00+00:00,2026-08-25,1003107.53
2026-08-25T19:50:00+00:00,2026-08-25,1003136.24
2026-08-25T19:55:00+00:00,2026-08-25,1003206.38
2026-08-25T20:00:00+00:00,2026-08-25,1003276.62
2026-08-26T13:30:00+00:00,2026-08-26,1000091.12
2026-08-26T13:35:00+00:00,2026-08-26,1000625.62
2026-08-26T13:40:00+00:00,2026-08-26,1000754.55
2026-08-26T13:45:00+00:00,2026-08-26,1001387.81
2026-08-26T13:50:00+00:00,2026-08-26,1001653.2
2026-08-26T13:55:00+00:00,2026-08-26,1002016.86
2026-08-26T14:00:00+00:00,2026-08-26,1002249.06
2026-08-26T14:05:00+00:00,2026-08-26,1001867.69
2026-08-26T14:10:00+00:00,2026-08-26,1001781.91
2026-08-26T14:15:00+00:00,2026-08-26,1001557.52
2026-08-26T14:20:00+00:00,2026-08-26,1001618.88
2026-08-26T14:25:00+00:00,2026-08-26,1001277.1
2026-08-26T14:30:00+00:00,2026-08-26,1001207.16
2026-08-26T14:35:00+00:00,2026-08-26,1001331.55
2026-08-26T14:40:00+00:00,2026-08-26,1001621.12
2026-08-26T14:45:00+00:00,2026-08-26,1002179.92
2026-08-26T14:50:00+00:00,2026-08-26,1001995.89
2026-08-26T14:55:00+00:00,2026-08-26,1001850.92
2026-08-26T15:00:00+00:00,2026-08-26,1001624.4
2026-08-26T15:05:00+00:00,2026-08-26,1001623.52
2026-08-26T15:10:00+00:00,2026-08-26,1001628.13
2026-08-26T15:15:00+00:00,2026-08-26,1001474.13
2026-08-26T15:20:00+00:00,2026-08-26,1001465.3
2026-08-26T15:25:00+00:00,2026-08-26,1001361.23
2026-08-26T15:30:00+00:00,2026-08-26,1001510.62
2026-08-26T15:35:00+00:00,2026-08-26,1001525.4
2026-08-26T15:40:00+00:00,2026-08-26,1001611.55
2026-08-26T15:45:00+00:00,2026-08-26,1001807.41
2026-08-26T15:50:00+00:00,2026-08-26,1001918.61
2026-08-26T15:55:00+00:00,2026-08-26,1001652.68
2026-08-26T16:00:00+00:00,2026-08-26,1001520.67
2026-08-26T16:05:00+00:00,2026-08-26,1001697.02
2026-08-26T16:10:00+00:00,2026-08-26,1001693.5
2026-08-26T16:15:00+00:00,2026-08-26,1001602.59
2026-08-26T16:20:00+00:00,2026-08-26,1001592.66
2026-08-26T16:25:00+00:00,2026-08-26,1001674.35
2026-08-26T16:30:00+00:00,2026-08-26,1001666.99
2026-08-26T16:35:00+00:00,2026-08-26,1001700.82
2026-08-26T16:40:00+00:00,2026-08-26,1001399.93
2026-08-26T16:45:00+00:00,2026-08-26,1001387.81
2026-08-26T16:50:00+00:00,2026-08-26,1001581.2
2026-08-26T16:55:00+00:00,2026-08-26,1001363.77
2026-08-26T17:00:00+00:00,2026-08-26,1001535.68
2026-08-26T17:05:00+00:00,2026-08-26,1001485.49
2026-08-26T17:10:00+00:00,2026-08-26,1001496.66
2026-08-26T17:15:00+00:00,2026-08-26,1001574.67
2026-08-26T17:20:00+00:00,2026-08-26,1001649.37
2026-08-26T17:25:00+00:00,2026-08-26,1001717.02
2026-08-26T17:30:00+00:00,2026-08-26,1001471.69
2026-08-26T17:35:00+00:00,2026-08-26,1001584.92
2026-08-26T17:40:00+00:00,2026-08-26,1001568.65
2026-08-26T17:45:00+00:00,2026-08-26,1001856.17
2026-08-26T17:50:00+00:00,2026-08-26,1001853.94
2026-08-26T17:55:00+00:00,2026-08-26,1001914.31
2026-08-26T18:00:00+00:00,2026-08-26,1001943.74
2026-08-26T18:05:00+00:00,2026-08-26,1002047.22
2026-08-26T18:10:00+00:00,2026-08-26,1002188.99
2026-08-26T18:15:00+00:00,2026-08-26,1002037.76
2026-08-26T18:20:00+00:00,2026-08-26,1001996.65
2026-08-26T18:25:00+00:00,2026-08-26,1001839.21
2026-08-26T18:30:00+00:00,2026-08-26,1001894.19
2026-08-26T18:35:00+00:00,2026-08-26,1001840.38
2026-08-26T18:40:00+00:00,2026-08-26,1001854.29
2026-08-26T18:45:00+00:00,2026-08-26,1001995.97
2026-08-26T18:50:00+00:00,2026-08-26,1001948.4
2026-08-26T18:55:00+00:00,2026-08-26,1001921.85
2026-08-26T19:00:00+00:00,2026-08-26,1001922.9
2026-08-26T19:05:00+00:00,2026-08-26,1002030.57
2026-08-26T19:10:00+00:00,2026-08-26,1002148.54
2026-08-26T19:15:00+00:00,2026-08-26,1002206.66
2026-08-26T19:20:00+00:00,2026-08-26,1002300.95
2026-08-26T19:25:00+00:00,2026-08-26,1002306.52
2026-08-26T19:30:00+00:00,2026-08-26,1002353.45
2026-08-26T19:35:00+00:00,2026-08-26,1002403.98
2026-08-26T19:40:00+00:00,2026-08-26,1002327.59
2026-08-26T19:45:00+00:00,2026-08-26,1002280.36
2026-08-26T19:50:00+00:00,2026-08-26,1002460.14
2026-08-26T19:55:00+00:00,2026-08-26,1002231.11
2026-08-26T20:00:00+00:00,2026-08-26,1002478.92
2026-08-27T13:30:00+00:00,2026-08-27,1002934.82
2026-08-27T13:35:00+00:00,2026-08-27,1002200.62
2026-08-27T13:40:00+00:00,2026-08-27,1002740.61
2026-08-27T13:45:00+00:00,2026-08-27,1003269.09
2026-08-27T13:50:00+00:00,2026-08-27,1002912.45
2026-08-27T13:55:00+00:00,2026-08-27,1002951.38
2026-08-27T14:00:00+00:00,2026-08-27,1002791.93
2026-08-27T14:05:00+00:00,2026-08-27,1003248.18
2026-08-27T14:10:00+00:00,2026-08-27,1003082.22
2026-08-27T14:15:00+00:00,2026-08-27,1002958.02
2026-08-27T14:20:00+00:00,2026-08-27,1003263.12
2026-08-27T14:25:00+00:00,2026-08-27,1003369.76
2026-08-27T14:30:00+00:00,2026-08-27,1003537.41
2026-08-27T14:35:00+00:00,2026-08-27,1003411.42
2026-08-27T14:40:00+00:00,2026-08-27,1003521.33
2026-08-27T14:45:00+00:00,2026-08-27,1003327.97
2026-08-27T14:50:00+00:00,2026-08-27,1003556.51
2026-08-27T14:55:00+00:00,2026-08-27,1003398.77
2026-08-27T15:00:00+00:00,2026-08-27,1003373.26
2026-08-27T15:05:00+00:00,2026-08-27,1003621.43
2026-08-27T15:10:00+00:00,2026-08-27,1003669.62
2026-08-27T15:15:00+00:00,2026-08-27,1003812.1
2026-08-27T15:20:00+00:00,2026-08-27,1003937.62
2026-08-27T15:25:00+00:00,2026-08-27,1003830.46
2026-08-27T15:30:00+00:00,2026-08-27,1003833.49
2026-08-27T15:35:00+00:00,2026-08-27,1004032.05
2026-08-27T15:40:00+00:00,2026-08-27,1003944.67
2026-08-27T15:45:00+00:00,2026-08-27,1003952.55
2026-08-27T15:50:00+00:00,2026-08-27,1003977.05
2026-08-27T15:55:00+00:00,2026-08-27,1004424.53
2026-08-27T16:00:00+00:00,2026-08-27,1004398.9
2026-08-27T16:05:00+00:00,2026-08-27,1004407.18
2026-08-27T16:10:00+00:00,2026-08-27,1004194.9
2026-08-27T16:15:00+00:00,2026-08-27,1004110.37
2026-08-27T16:20:00+00:00,2026-08-27,1004054.7
2026-08-27T16:25:00+00:00,2026-08-27,1004161.67
2026-08-27T16:30:00+00:00,2026-08-27,1004246.38
2026-08-27T16:35:00+00:00,2026-08-27,1004327.96
2026-08-27T16:40:00+00:00,2026-08-27,1004542.47
2026-08-27T16:45:00+00:00,2026-08-27,1004607.98
2026-08-27T16:50:00+00:00,2026-08-27,1004622.46
2026-08-27T16:55:00+00:00,2026-08-27,1004711.04
2026-08-27T17:00:00+00:00,2026-08-27,1004656.35
2026-08-27T17:05:00+00:00,2026-08-27,1004719.58
2026-08-27T17:10:00+00:00,2026-08-27,1004612.28
2026-08-27T17:15:00+00:00,2026-08-27,1004641.16
2026-08-27T17:20:00+00:00,2026-08-27,1004685.26
2026-08-27T17:25:00+00:00,2026-08-27,1004740.43
2026-08-27T17:30:00+00:00,2026-08-27,1004547.87
2026-08-27T17:35:00+00:00,2026-08-27,1004553.47
2026-08-27T17:40:00+00:00,2026-08-27,1004505.09
2026-08-27T17:45:00+00:00,2026-08-27,1004557.39
2026-08-27T17:50:00+00:00,2026-08-27,1004482.5
2026-08-27T17:55:00+00:00,2026-08-27,1004638.41
2026-08-27T18:00:00+00:00,2026-08-27,1004558.42
2026-08-27T18:05:00+00:00,2026-08-27,1004258.3
2026-08-27T18:10:00+00:00,2026-08-27,1004522.92
2026-08-27T18:15:00+00:00,2026-08-27,1004467.75
2026-08-27T18:20:00+00:00,2026-08-27,1004448.18
2026-08-27T18:25:00+00:00,2026-08-27,1004323.39
2026-08-27T18:30:00+00:00,2026-08-27,1004169.39
2026-08-27T18:35:00+00:00,2026-08-27,1004288.13
2026-08-27T18:40:00+00:00,2026-08-27,1004553.18
2026-08-27T18:45:00+00:00,2026-08-27,1004544.08
2026-08-27T18:50:00+00:00,2026-08-27,1004476.53
2026-08-27T18:55:00+00:00,2026-08-27,1004397.82
2026-08-27T19:00:00+00:00,2026-08-27,1004524.69
2026-08-27T19:05:00+00:00,2026-08-27,1004623.3
2026-08-27T19:10:00+00:00,2026-08-27,1004732.65
2026-08-27T19:15:00+00:00,2026-08-27,1004797.33
2026-08-27T19:20:00+00:00,2026-08-27,1004822.07
2026-08-27T19:25:00+00:00,2026-08-27,1004643.45
2026-08-27T19:30:00+00:00,2026-08-27,1004576.45
2026-08-27T19:35:00+00:00,2026-08-27,1004755.02
2026-08-27T19:40:00+00:00,2026-08-27,1004890.98
2026-08-27T19:45:00+00:00,2026-08-27,1004983.54
2026-08-27T19:50:00+00:00,2026-08-27,1005234.54
2026-08-27T19:55:00+00:00,2026-08-27,1005314.0
2026-08-27T20:00:00+00:00,2026-08-27,1005467.5
2026-08-28T13:30:00+00:00,2026-08-28,1004386.97
2026-08-28T13:35:00+00:00,2026-08-28,1004263.84
2026-08-28T13:40:00+00:00,2026-08-28,1004860.99
2026-08-28T13:45:00+00:00,2026-08-28,1005208.75
2026-08-28T13:50:00+00:00,2026-08-28,1005306.56
2026-08-28T13:55:00+00:00,2026-08-28,1005196.68
2026-08-28T14:00:00+00:00,2026-08-28,1004968.03
2026-08-28T14:05:00+00:00,2026-08-28,1004152.11
2026-08-28T14:10:00+00:00,2026-08-28,1003697.88
2026-08-28T14:15:00+00:00,2026-08-28,1002945.04
2026-08-28T14:20:00+00:00,2026-08-28,1003432.51
2026-08-28T14:25:00+00:00,2026-08-28,1003497.54
2026-08-28T14:30:00+00:00,2026-08-28,1003444.27
2026-08-28T14:35:00+00:00,2026-08-28,1004319.74
2026-08-28T14:40:00+00:00,2026-08-28,1004044.18
2026-08-28T14:45:00+00:00,2026-08-28,1004056.67
2026-08-28T14:50:00+00:00,2026-08-28,1004004.08
2026-08-28T14:55:00+00:00,2026-08-28,1004726.69
2026-08-28T15:00:00+00:00,2026-08-28,1005034.31
2026-08-28T15:05:00+00:00,2026-08-28,1005207.66
2026-08-28T15:10:00+00:00,2026-08-28,1004879.8
2026-08-28T15:15:00+00:00,2026-08-28,1004414.32
2026-08-28T15:20:00+00:00,2026-08-28,1004221.83
2026-08-28T15:25:00+00:00,2026-08-28,1004582.49
2026-08-28T15:30:00+00:00,2026-08-28,1004553.66
2026-08-28T15:35:00+00:00,2026-08-28,1004308.39
2026-08-28T15:40:00+00:00,2026-08-28,1003873.37
2026-08-28T15:45:00+00:00,2026-08-28,1003311.41
2026-08-28T15:50:00+00:00,2026-08-28,1003097.74
2026-08-28T15:55:00+00:00,2026-08-28,1003277.94
2026-08-28T16:00:00+00:00,2026-08-28,1002540.37
2026-08-28T16:05:00+00:00,2026-08-28,1002319.47
2026-08-28T16:10:00+00:00,2026-08-28,1002060.36
2026-08-28T16:15:00+00:00,2026-08-28,1001634.01
2026-08-28T16:20:00+00:00,2026-08-28,1001216.94
2026-08-28T16:25:00+00:00,2026-08-28,1000723.11
2026-08-28T16:30:00+00:00,2026-08-28,1001030.96
2026-08-28T16:35:00+00:00,2026-08-28,1000812.12
2026-08-28T16:40:00+00:00,2026-08-28,1001240.24
2026-08-28T16:45:00+00:00,2026-08-28,1000760.43
2026-08-28T16:50:00+00:00,2026-08-28,1001376.35
2026-08-28T16:55:00+00:00,2026-08-28,1001311.27
2026-08-28T17:00:00+00:00,2026-08-28,1001314.19
2026-08-28T17:05:00+00:00,2026-08-28,1001137.15
2026-08-28T17:10:00+00:00,2026-08-28,1001206.33
2026-08-28T17:15:00+00:00,2026-08-28,1001217.16
2026-08-28T17:20:00+00:00,2026-08-28,1001162.04
2026-08-28T17:25:00+00:00,2026-08-28,1001308.68
2026-08-28T17:30:00+00:00,2026-08-28,1001096.3
2026-08-28T17:35:00+00:00,2026-08-28,1001212.78
2026-08-28T17:40:00+00:00,2026-08-28,1000859.75
2026-08-28T17:45:00+00:00,2026-08-28,1000818.29
2026-08-28T17:50:00+00:00,2026-08-28,1001228.36
2026-08-28T17:55:00+00:00,2026-08-28,1001038.71
2026-08-28T18:00:00+00:00,2026-08-28,1000964.19
2026-08-28T18:05:00+00:00,2026-08-28,1000503.08
2026-08-28T18:10:00+00:00,2026-08-28,1000611.5
2026-08-28T18:15:00+00:00,2026-08-28,1000499.42
2026-08-28T18:20:00+00:00,2026-08-28,1000493.25
2026-08-28T18:25:00+00:00,2026-08-28,1000337.79
2026-08-28T18:30:00+00:00,2026-08-28,1000385.93
2026-08-28T18:35:00+00:00,2026-08-28,1000555.41
2026-08-28T18:40:00+00:00,2026-08-28,1000412.32
2026-08-28T18:45:00+00:00,2026-08-28,1000434.3
2026-08-28T18:50:00+00:00,2026-08-28,1000334.26
2026-08-28T18:55:00+00:00,2026-08-28,1000269.66
2026-08-28T19:00:00+00:00,2026-08-28,1000392.93
2026-08-28T19:05:00+00:00,2026-08-28,1000430.17
2026-08-28T19:10:00+00:00,2026-08-28,1000559.49
2026-08-28T19:15:00+00:00,2026-08-28,1000310.04
2026-08-28T19:20:00+00:00,2026-08-28,1000369.85
2026-08-28T19:25:00+00:00,2026-08-28,1000271.47
2026-08-28T19:30:00+00:00,2026-08-28,1000493.06
2026-08-28T19:35:00+00:00,2026-08-28,1000592.89
2026-08-28T19:40:00+00:00,2026-08-28,1000708.01
2026-08-28T19:45:00+00:00,2026-08-28,1000737.7
2026-08-28T19:50:00+00:00,2026-08-28,1000426.65
2026-08-28T19:55:00+00:00,2026-08-28,1000473.06
2026-08-28T20:00:00+00:00,2026-08-28,1000575.71
2026-08-31T13:30:00+00:00,2026-08-31,1001167.71
2026-08-31T13:35:00+00:00,2026-08-31,1000819.05
2026-08-31T13:40:00+00:00,2026-08-31,1000873.14
2026-08-31T13:45:00+00:00,2026-08-31,1000641.3
2026-08-31T13:50:00+00:00,2026-08-31,1000511.11
2026-08-31T13:55:00+00:00,2026-08-31,1000549.8
2026-08-31T14:00:00+00:00,2026-08-31,1000483.87
2026-08-31T14:05:00+00:00,2026-08-31,1000064.1
2026-08-31T14:10:00+00:00,2026-08-31,1000017.64
2026-08-31T14:15:00+00:00,2026-08-31,999907.65
2026-08-31T14:20:00+00:00,2026-08-31,999773.92
2026-08-31T14:25:00+00:00,2026-08-31,999174.32
2026-08-31T14:30:00+00:00,2026-08-31,999090.61
2026-08-31T14:35:00+00:00,2026-08-31,999253.2
2026-08-31T14:40:00+00:00,2026-08-31,999832.56
2026-08-31T14:45:00+00:00,2026-08-31,999839.39
2026-08-31T14:50:00+00:00,2026-08-31,999599.53
2026-08-31T14:55:00+00:00,2026-08-31,999857.99
2026-08-31T15:00:00+00:00,2026-08-31,999733.63
2026-08-31T15:05:00+00:00,2026-08-31,999543.92
2026-08-31T15:10:00+00:00,2026-08-31,999639.73
2026-08-31T15:15:00+00:00,2026-08-31,999626.85
2026-08-31T15:20:00+00:00,2026-08-31,999577.71
2026-08-31T15:25:00+00:00,2026-08-31,999705.3
2026-08-31T15:30:00+00:00,2026-08-31,999641.76
2026-08-31T15:35:00+00:00,2026-08-31,999546.53
2026-08-31T15:40:00+00:00,2026-08-31,999553.87
2026-08-31T15:45:00+00:00,2026-08-31,999460.53
2026-08-31T15:50:00+00:00,2026-08-31,999630.71
2026-08-31T15:55:00+00:00,2026-08-31,999598.26
2026-08-31T16:00:00+00:00,2026-08-31,999404.97
2026-08-31T16:05:00+00:00,2026-08-31,999577.29
2026-08-31T16:10:00+00:00,2026-08-31,999654.76
2026-08-31T16:15:00+00:00,2026-08-31,999781.16
2026-08-31T16:20:00+00:00,2026-08-31,999830.56
2026-08-31T16:25:00+00:00,2026-08-31,999793.11
2026-08-31T16:30:00+00:00,2026-08-31,999928.65
2026-08-31T16:35:00+00:00,2026-08-31,999850.11
2026-08-31T16:40:00+00:00,2026-08-31,999558.26
2026-08-31T16:45:00+00:00,2026-08-31,999689.5
2026-08-31T16:50:00+00:00,2026-08-31,999740.17
2026-08-31T16:55:00+00:00,2026-08-31,999636.51
2026-08-31T17:00:00+00:00,2026-08-31,999596.24
2026-08-31T17:05:00+00:00,2026-08-31,999525.26
2026-08-31T17:10:00+00:00,2026-08-31,999580.59
2026-08-31T17:15:00+00:00,2026-08-31,999716.61
2026-08-31T17:20:00+00:00,2026-08-31,999701.3
2026-08-31T17:25:00+00:00,2026-08-31,999641.7
2026-08-31T17:30:00+00:00,2026-08-31,999529.99
2026-08-31T17:35:00+00:00,2026-08-31,999520.08
2026-08-31T17:40:00+00:00,2026-08-31,999714.88
2026-08-31T17:45:00+00:00,2026-08-31,999837.59
2026-08-31T17:50:00+00:00,2026-08-31,999917.97
2026-08-31T17:55:00+00:00,2026-08-31,999986.7
2026-08-31T18:00:00+00:00,2026-08-31,999847.24
2026-08-31T18:05:00+00:00,2026-08-31,999791.53
2026-08-31T18:10:00+00:00,2026-08-31,999669.54
2026-08-31T18:15:00+00:00,2026-08-31,999693.66
2026-08-31T18:20:00+00:00,2026-08-31,999863.83
2026-08-31T18:25:00+00:00,2026-08-31,999944.04
2026-08-31T18:30:00+00:00,2026-08-31,999648.36
2026-08-31T18:35:00+00:00,2026-08-31,999584.05
2026-08-31T18:40:00+00:00,2026-08-31,999550.01
2026-08-31T18:45:00+00:00,2026-08-31,999497.98
2026-08-31T18:50:00+00:00,2026-08-31,999497.49
2026-08-31T18:55:00+00:00,2026-08-31,999621.54
2026-08-31T19:00:00+00:00,2026-08-31,999499.92
2026-08-31T19:05:00+00:00,2026-08-31,999591.24
2026-08-31T19:10:00+00:00,2026-08-31,999745.87
2026-08-31T19:15:00+00:00,2026-08-31,999868.64
2026-08-31T19:20:00+00:00,2026-08-31,999798.62
2026-08-31T19:25:00+00:00,2026-08-31,1000181.33
2026-08-31T19:30:00+00:00,2026-08-31,1000315.02
2026-08-31T19:35:00+00:00,2026-08-31,1000308.05
2026-08-31T19:40:00+00:00,2026-08-31,1000348.04
2026-08-31T19:45:00+00:00,2026-08-31,1000221.6
2026-08-31T19:50:00+00:00,2026-08-31,1000521.53
2026-08-31T19:55:00+00:00,2026-08-31,1000897.88
2026-08-31T20:00:00+00:00,2026-08-31,1000916.82
2026-09-01T13:30:00+00:00,2026-09-01,996591.07
2026-09-01T13:35:00+00:00,2026-09-01,997212.09
2026-09-01T13:40:00+00:00,2026-09-01,996814.06
2026-09-01T13:45:00+00:00,2026-09-01,997119.89
2026-09-01T13:50:00+00:00,2026-09-01,997153.78
2026-09-01T13:55:00+00:00,2026-09-01,996771.47
2026-09-01T14:00:00+00:00,2026-09-01,996772.57
2026-09-01T14:05:00+00:00,2026-09-01,996593.1
2026-09-01T14:10:00+00:00,2026-09-01,997179.92
2026-09-01T14:15:00+00:00,2026-09-01,997243.15
2026-09-01T14:20:00+00:00,2026-09-01,997485.49
2026-09-01T14:25:00+00:00,2026-09-01,997568.27
2026-09-01T14:30:00+00:00,2026-09-01,997396.64
2026-09-01T14:35:00+00:00,2026-09-01,997785.02
2026-09-01T14:40:00+00:00,2026-09-01,997590.34
2026-09-01T14:45:00+00:00,2026-09-01,997497.77
2026-09-01T14:50:00+00:00,2026-09-01,997370.68
2026-09-01T14:55:00+00:00,2026-09-01,996988.08
2026-09-01T15:00:00+00:00,2026-09-01,997075.72
2026-09-01T15:05:00+00:00,2026-09-01,996693.46
2026-09-01T15:10:00+00:00,2026-09-01,996633.65
2026-09-01T15:15:00+00:00,2026-09-01,996478.69
2026-09-01T15:20:00+00:00,2026-09-01,996752.69
2026-09-01T15:25:00+00:00,2026-09-01,996748.21
2026-09-01T15:30:00+00:00,2026-09-01,997035.91
2026-09-01T15:35:00+00:00,2026-09-01,996971.49
2026-09-01T15:40:00+00:00,2026-09-01,996959.41
2026-09-01T15:45:00+00:00,2026-09-01,997238.55
2026-09-01T15:50:00+00:00,2026-09-01,997287.39
2026-09-01T15:55:00+00:00,2026-09-01,997168.51
2026-09-01T16:00:00+00:00,2026-09-01,997103.65
2026-09-01T16:05:00+00:00,2026-09-01,997081.75
2026-09-01T16:10:00+00:00,2026-09-01,996797.31
2026-09-01T16:15:00+00:00,2026-09-01,996556.11
2026-09-01T16:20:00+00:00,2026-09-01,996350.55
2026-09-01T16:25:00+00:00,2026-09-01,996214.4
2026-09-01T16:30:00+00:00,2026-09-01,996121.94
2026-09-01T16:35:00+00:00,2026-09-01,995757.56
2026-09-01T16:40:00+00:00,2026-09-01,996032.76
2026-09-01T16:45:00+00:00,2026-09-01,995957.9
2026-09-01T16:50:00+00:00,2026-09-01,996055.68
2026-09-01T16:55:00+00:00,2026-09-01,995979.76
2026-09-01T17:00:00+00:00,2026-09-01,996004.98
2026-09-01T17:05:00+00:00,2026-09-01,995773.69
2026-09-01T17:10:00+00:00,2026-09-01,995883.25
2026-09-01T17:15:00+00:00,2026-09-01,995931.54
2026-09-01T17:20:00+00:00,2026-09-01,995797.34
2026-09-01T17:25:00+00:00,2026-09-01,995693.48
2026-09-01T17:30:00+00:00,2026-09-01,995872.84
2026-09-01T17:35:00+00:00,2026-09-01,995853.43
2026-09-01T17:40:00+00:00,2026-09-01,995875.52
2026-09-01T17:45:00+00:00,2026-09-01,995980.34
2026-09-01T17:50:00+00:00,2026-09-01,995808.58
2026-09-01T17:55:00+00:00,2026-09-01,995795.04
2026-09-01T18:00:00+00:00,2026-09-01,995827.6
2026-09-01T18:05:00+00:00,2026-09-01,995752.24
2026-09-01T18:10:00+00:00,2026-09-01,995692.31
2026-09-01T18:15:00+00:00,2026-09-01,995262.92
2026-09-01T18:20:00+00:00,2026-09-01,994986.71
2026-09-01T18:25:00+00:00,2026-09-01,995186.86
2026-09-01T18:30:00+00:00,2026-09-01,995232.87
2026-09-01T18:35:00+00:00,2026-09-01,995294.91
2026-09-01T18:40:00+00:00,2026-09-01,995050.0
2026-09-01T18:45:00+00:00,2026-09-01,994833.66
2026-09-01T18:50:00+00:00,2026-09-01,994531.71
2026-09-01T18:55:00+00:00,2026-09-01,994572.52
2026-09-01T19:00:00+00:00,2026-09-01,994542.3
2026-09-01T19:05:00+00:00,2026-09-01,994612.29
2026-09-01T19:10:00+00:00,2026-09-01,994513.45
2026-09-01T19:15:00+00:00,2026-09-01,994699.72
2026-09-01T19:20:00+00:00,2026-09-01,994861.81
2026-09-01T19:25:00+00:00,2026-09-01,994756.02
2026-09-01T19:30:00+00:00,2026-09-01,994731.61
2026-09-01T19:35:00+00:00,2026-09-01,994665.24
2026-09-01T19:40:00+00:00,2026-09-01,994412.84
2026-09-01T19:45:00+00:00,2026-09-01,994428.02
2026-09-01T19:50:00+00:00,2026-09-01,994668.46
2026-09-01T19:55:00+00:00,2026-09-01,994367.21
2026-09-01T20:00:00+00:00,2026-09-01,994698.76
2026-09-02T13:30:00+00:00,2026-09-02,995807.65
2026-09-02T13:35:00+00:00,2026-09-02,996021.86
2026-09-02T13:40:00+00:00,2026-09-02,995917.55
2026-09-02T13:45:00+00:00,2026-09-02,996124.79
2026-09-02T13:50:00+00:00,2026-09-02,995594.8
2026-09-02T13:55:00+00:00,2026-09-02,995870.24
2026-09-02T14:00:00+00:00,2026-09-02,996189.53
2026-09-02T14:05:00+00:00,2026-09-02,996619.76
2026-09-02T14:10:00+00:00,2026-09-02,996800.55
2026-09-02T14:15:00+00:00,2026-09-02,996552.08
2026-09-02T14:20:00+00:00,2026-09-02,997070.96
2026-09-02T14:25:00+00:00,2026-09-02,997225.67
2026-09-02T14:30:00+00:00,2026-09-02,997718.59
2026-09-02T14:35:00+00:00,2026-09-02,997666.27
2026-09-02T14:40:00+00:00,2026-09-02,997371.97
2026-09-02T14:45:00+00:00,2026-09-02,997718.46
2026-09-02T14:50:00+00:00,2026-09-02,997384.7
2026-09-02T14:55:00+00:00,2026-09-02,996903.57
2026-09-02T15:00:00+00:00,2026-09-02,996531.06
2026-09-02T15:05:00+00:00,2026-09-02,996758.26
2026-09-02T15:10:00+00:00,2026-09-02,996809.76
2026-09-02T15:15:00+00:00,2026-09-02,996578.44
2026-09-02T15:20:00+00:00,2026-09-02,996673.45
2026-09-02T15:25:00+00:00,2026-09-02,996527.33
2026-09-02T15:30:00+00:00,2026-09-02,996668.99
2026-09-02T15:35:00+00:00,2026-09-02,996634.3
2026-09-02T15:40:00+00:00,2026-09-02,996692.06
2026-09-02T15:45:00+00:00,2026-09-02,996523.36
2026-09-02T15:50:00+00:00,2026-09-02,996358.73
2026-09-02T15:55:00+00:00,2026-09-02,996279.05
2026-09-02T16:00:00+00:00,2026-09-02,996491.99
2026-09-02T16:05:00+00:00,2026-09-02,996622.66
2026-09-02T16:10:00+00:00,2026-09-02,996366.86
2026-09-02T16:15:00+00:00,2026-09-02,996157.0
2026-09-02T16:20:00+00:00,2026-09-02,996009.16
2026-09-02T16:25:00+00:00,2026-09-02,995922.2
2026-09-02T16:30:00+00:00,2026-09-02,995697.37
2026-09-02T16:35:00+00:00,2026-09-02,995748.8
2026-09-02T16:40:00+00:00,2026-09-02,995840.55
2026-09-02T16:45:00+00:00,2026-09-02,995539.03
2026-09-02T16:50:00+00:00,2026-09-02,995555.76
2026-09-02T16:55:00+00:00,2026-09-02,995566.17
2026-09-02T17:00:00+00:00,2026-09-02,995434.36
2026-09-02T17:05:00+00:00,2026-09-02,995627.25
2026-09-02T17:10:00+00:00,2026-09-02,995554.79
2026-09-02T17:15:00+00:00,2026-09-02,995680.23
2026-09-02T17:20:00+00:00,2026-09-02,995556.09
2026-09-02T17:25:00+00:00,2026-09-02,995693.84
2026-09-02T17:30:00+00:00,2026-09-02,995752.95
2026-09-02T17:35:00+00:00,2026-09-02,995616.5
2026-09-02T17:40:00+00:00,2026-09-02,995299.4
2026-09-02T17:45:00+00:00,2026-09-02,995700.5
2026-09-02T17:50:00+00:00,2026-09-02,995740.32
2026-09-02T17:55:00+00:00,2026-09-02,995648.75
2026-09-02T18:00:00+00:00,2026-09-02,995743.46
2026-09-02T18:05:00+00:00,2026-09-02,995819.84
2026-09-02T18:10:00+00:00,2026-09-02,995816.11
2026-09-02T18:15:00+00:00,2026-09-02,995668.23
2026-09-02T18:20:00+00:00,2026-09-02,996024.46
2026-09-02T18:25:00+00:00,2026-09-02,996200.33
2026-09-02T18:30:00+00:00,2026-09-02,995977.67
2026-09-02T18:35:00+00:00,2026-09-02,996154.59
2026-09-02T18:40:00+00:00,2026-09-02,995911.12
2026-09-02T18:45:00+00:00,2026-09-02,995756.28
2026-09-02T18:50:00+00:00,2026-09-02,995962.83
2026-09-02T18:55:00+00:00,2026-09-02,995828.69
2026-09-02T19:00:00+00:00,2026-09-02,995760.25
2026-09-02T19:05:00+00:00,2026-09-02,996224.98
2026-09-02T19:10:00+00:00,2026-09-02,996344.03
2026-09-02T19:15:00+00:00,2026-09-02,996397.99
2026-09-02T19:20:00+00:00,2026-09-02,996682.12
2026-09-02T19:25:00+00:00,2026-09-02,996724.69
2026-09-02T19:30:00+00:00,2026-09-02,996980.94
2026-09-02T19:35:00+00:00,2026-09-02,996978.49
2026-09-02T19:40:00+00:00,2026-09-02,996674.44
2026-09-02T19:45:00+00:00,2026-09-02,997040.77
2026-09-02T19:50:00+00:00,2026-09-02,996889.38
2026-09-02T19:55:00+00:00,2026-09-02,997313.35
2026-09-02T20:00:00+00:00,2026-09-02,997605.08
2026-09-03T13:30:00+00:00,2026-09-03,1003429.5
2026-09-03T13:35:00+00:00,2026-09-03,1001270.33
2026-09-03T13:40:00+00:00,2026-09-03,1001774.04
2026-09-03T13:45:00+00:00,2026-09-03,1001725.79
2026-09-03T13:50:00+00:00,2026-09-03,1001297.94
2026-09-03T13:55:00+00:00,2026-09-03,1001538.72
2026-09-03T14:00:00+00:00,2026-09-03,1001851.26
2026-09-03T14:05:00+00:00,2026-09-03,1001065.69
2026-09-03T14:10:00+00:00,2026-09-03,1000835.76
2026-09-03T14:15:00+00:00,2026-09-03,1000982.23
2026-09-03T14:20:00+00:00,2026-09-03,1001446.51
2026-09-03T14:25:00+00:00,2026-09-03,1001380.4
2026-09-03T14:30:00+00:00,2026-09-03,1001387.43
2026-09-03T14:35:00+00:00,2026-09-03,1000815.0
2026-09-03T14:40:00+00:00,2026-09-03,1000936.76
2026-09-03T14:45:00+00:00,2026-09-03,1000948.35
2026-09-03T14:50:00+00:00,2026-09-03,1001140.56
2026-09-03T14:55:00+00:00,2026-09-03,1001270.0
2026-09-03T15:00:00+00:00,2026-09-03,1001719.9
2026-09-03T15:05:00+00:00,2026-09-03,1002573.18
2026-09-03T15:10:00+00:00,2026-09-03,1002634.62
2026-09-03T15:15:00+00:00,2026-09-03,1003002.89
2026-09-03T15:20:00+00:00,2026-09-03,1003084.08
2026-09-03T15:25:00+00:00,2026-09-03,1002931.61
2026-09-03T15:30:00+00:00,2026-09-03,1003166.83
2026-09-03T15:35:00+00:00,2026-09-03,1002989.57
2026-09-03T15:40:00+00:00,2026-09-03,1002699.17
2026-09-03T15:45:00+00:00,2026-09-03,1002728.63
2026-09-03T15:50:00+00:00,2026-09-03,1002589.97
2026-09-03T15:55:00+00:00,2026-09-03,1002694.55
2026-09-03T16:00:00+00:00,2026-09-03,1002857.27
2026-09-03T16:05:00+00:00,2026-09-03,1002625.24
2026-09-03T16:10:00+00:00,2026-09-03,1002647.75
2026-09-03T16:15:00+00:00,2026-09-03,1002635.88
2026-09-03T16:20:00+00:00,2026-09-03,1002778.21
2026-09-03T16:25:00+00:00,2026-09-03,1002643.47
2026-09-03T16:30:00+00:00,2026-09-03,1002625.96
2026-09-03T16:35:00+00:00,2026-09-03,1002545.13
2026-09-03T16:40:00+00:00,2026-09-03,1002705.72
2026-09-03T16:45:00+00:00,2026-09-03,1002573.93
2026-09-03T16:50:00+00:00,2026-09-03,1002666.57
2026-09-03T16:55:00+00:00,2026-09-03,1002642.07
2026-09-03T17:00:00+00:00,2026-09-03,1002691.85
2026-09-03T17:05:00+00:00,2026-09-03,1002778.4
2026-09-03T17:10:00+00:00,2026-09-03,1002610.64
2026-09-03T17:15:00+00:00,2026-09-03,1002621.52
2026-09-03T17:20:00+00:00,2026-09-03,1002671.48
2026-09-03T17:25:00+00:00,2026-09-03,1002680.21
2026-09-03T17:30:00+00:00,2026-09-03,1002866.79
2026-09-03T17:35:00+00:00,2026-09-03,1002917.07
2026-09-03T17:40:00+00:00,2026-09-03,1002945.5
2026-09-03T17:45:00+00:00,2026-09-03,1003024.2
2026-09-03T17:50:00+00:00,2026-09-03,1003086.43
2026-09-03T17:55:00+00:00,2026-09-03,1003078.27
2026-09-03T18:00:00+00:00,2026-09-03,1002935.77
2026-09-03T18:05:00+00:00,2026-09-03,1003059.47
