timestamp,spy_cum,cash_cum
2026-09-09T20:59:59+00:00,,0.0
2026-09-10T00:37:21+00:00,,1.69127e-05
2026-09-10T00:41:09+00:00,,1.72084e-05
2026-09-10T00:59:17+00:00,,1.86193e-05
2026-09-10T01:39:10+00:00,,2.17225e-05
2026-09-10T03:16:05+00:00,,2.92635e-05
2026-09-10T07:28:40+00:00,,4.89169e-05
2026-09-10T08:08:41+00:00,,5.20306e-05
2026-09-10T08:17:15+00:00,,5.26972e-05
2026-09-10T08:42:51+00:00,,5.46891e-05
2026-09-10T13:30:38+00:00,,7.70821e-05
2026-09-10T20:59:59+00:00,,0.0001120477
2026-09-10T23:45:35+00:00,,0.000124934
2026-09-10T23:47:40+00:00,,0.0001250962
2026-09-10T23:52:18+00:00,,0.0001254567
2026-09-11T00:00:47+00:00,,0.0001261168
2026-09-11T00:39:12+00:00,,0.0001291063
2026-09-11T01:14:14+00:00,,0.0001318325
2026-09-11T01:34:32+00:00,,0.0001334122
2026-09-11T01:36:40+00:00,,0.0001335782
2026-09-11T04:28:33+00:00,,0.0001469537
2026-09-11T05:45:04+00:00,,0.0001529081
2026-09-11T05:54:44+00:00,,0.0001536603
2026-09-11T08:03:06+00:00,,0.0001636497
2026-09-11T12:30:44+00:00,,0.0001844769
2026-09-11T12:46:54+00:00,,0.0001857351
2026-09-11T14:01:10+00:00,,0.0001915146
2026-09-11T14:28:40+00:00,,0.0001936547
2026-09-11T15:10:01+00:00,,0.0001968726
2026-09-11T20:59:59+00:00,,0.000224108
2026-09-12T20:59:59+00:00,,0.0003361809
2026-09-13T09:34:24+00:00,,0.0003949009
2026-09-13T20:59:59+00:00,,0.0004482663
2026-09-14T00:00:40+00:00,,0.0004623311
2026-09-14T00:27:41+00:00,,0.0004644341
2026-09-14T00:30:11+00:00,,0.0004646287
2026-09-14T00:32:11+00:00,,0.0004647844
2026-09-14T00:42:33+00:00,,0.0004655914
2026-09-14T06:35:23+00:00,,0.0004930573
2026-09-14T20:59:59+00:00,,0.0005603643
2026-09-14T23:48:02+00:00,,0.0005734471
2026-09-14T23:57:58+00:00,,0.0005742204
2026-09-15T00:02:54+00:00,,0.0005746045
2026-09-15T02:13:22+00:00,,0.0005847615
2026-09-15T07:56:17+00:00,,0.0006114586
2026-09-15T07:58:59+00:00,,0.0006116688
2026-09-15T14:08:06+00:00,,0.0006404065
2026-09-15T15:56:03+00:00,,0.0006488112
2026-09-15T16:14:13+00:00,,0.0006502256
2026-09-15T16:17:27+00:00,,0.0006504773
2026-09-15T20:59:59+00:00,,0.0006724748
2026-09-15T22:00:20+00:00,,0.0006771736
2026-09-15T22:01:55+00:00,,0.0006772969
2026-09-16T15:47:25+00:00,,0.0007602594
2026-09-16T17:01:21+00:00,,0.0007660163
2026-09-16T18:15:16+00:00,,0.0007717719
2026-09-16T18:45:21+00:00,,0.0007741144
2026-09-16T19:00:05+00:00,,0.0007752616
2026-09-16T19:14:45+00:00,,0.0007764037
2026-09-16T19:22:45+00:00,,0.0007770266
2026-09-16T19:31:18+00:00,,0.0007776924
2026-09-16T19:33:48+00:00,,0.000777887
2026-09-16T19:35:27+00:00,,0.0007780155
2026-09-16T19:44:48+00:00,,0.0007787436
2026-09-16T19:47:28+00:00,,0.0007789512
2026-09-16T20:02:15+00:00,,0.0007801023
2026-09-16T20:59:59+00:00,,0.0007845979
2026-09-16T21:00:20+00:00,,0.0007846251
2026-09-16T21:15:26+00:00,,0.0007858009
2026-09-17T00:18:21+00:00,,0.0008000443
2026-09-17T01:07:18+00:00,,0.000803856
2026-09-17T02:24:31+00:00,,0.0008098688
2026-09-17T06:22:03+00:00,,0.0008283656
2026-09-17T06:46:16+00:00,,0.0008302514
2026-09-17T13:09:12+00:00,,0.0008600713
2026-09-17T14:16:54+00:00,,0.0008653434
2026-09-17T16:02:17+00:00,,0.00087355
2026-09-17T20:59:59+00:00,,0.0008967335
2026-09-17T22:00:02+00:00,,0.00090141
2026-09-17T22:49:06+00:00,,0.0009052312
2026-09-17T22:54:41+00:00,,0.000905666
2026-09-17T22:58:06+00:00,,0.0009059321
2026-09-17T23:01:56+00:00,,0.0009062306
2026-09-17T23:08:13+00:00,,0.0009067199
2026-09-17T23:09:38+00:00,,0.0009068303
2026-09-17T23:16:36+00:00,,0.0009073728
2026-09-17T23:22:06+00:00,,0.0009078011
2026-09-17T23:33:49+00:00,,0.0009087136
2026-09-18T00:40:07+00:00,,0.0009138769
2026-09-18T00:50:45+00:00,,0.000914705
2026-09-18T02:56:46+00:00,,0.0009245189
2026-09-18T02:59:11+00:00,,0.0009247071
2026-09-18T05:41:06+00:00,,0.000937317
2026-09-18T05:45:06+00:00,,0.0009376285
2026-09-18T05:46:36+00:00,,0.0009377454
2026-09-18T05:51:49+00:00,,0.0009381516
2026-09-18T06:07:06+00:00,,0.0009393419
2026-09-18T06:25:36+00:00,,0.0009407827
2026-09-18T06:51:31+00:00,,0.0009428011
2026-09-18T06:55:06+00:00,,0.0009430801
2026-09-18T06:56:06+00:00,,0.000943158
2026-09-18T06:59:06+00:00,,0.0009433916
2026-09-18T07:01:06+00:00,,0.0009435474
2026-09-18T07:03:06+00:00,,0.0009437032
2026-09-18T07:07:36+00:00,,0.0009440536
2026-09-18T07:11:06+00:00,,0.0009443262
2026-09-18T07:12:38+00:00,,0.0009444456
2026-09-18T07:28:01+00:00,,0.0009456437
2026-09-18T07:34:36+00:00,,0.0009461564
2026-09-18T07:49:36+00:00,,0.0009473246
2026-09-18T07:51:08+00:00,,0.000947444
2026-09-18T08:00:01+00:00,,0.0009481358
2026-09-18T09:22:28+00:00,,0.0009545571
2026-09-18T09:33:18+00:00,,0.0009554008
2026-09-18T09:41:40+00:00,,0.0009560524
2026-09-18T09:54:09+00:00,,0.0009570246
2026-09-18T10:01:14+00:00,,0.0009575763
2026-09-18T11:11:12+00:00,,0.0009630254
2026-09-18T11:14:57+00:00,,0.0009633174
2026-09-18T11:33:03+00:00,,0.0009647271
2026-09-18T11:47:48+00:00,,0.0009658758
2026-09-18T11:58:18+00:00,,0.0009666936
2026-09-18T12:04:32+00:00,,0.0009671791
2026-09-18T12:08:32+00:00,,0.0009674906
2026-09-18T12:13:32+00:00,,0.00096788
2026-09-18T12:18:32+00:00,,0.0009682694
2026-09-18T12:37:02+00:00,,0.0009697102
2026-09-18T14:52:01+00:00,,0.0009802231
2026-09-18T14:54:21+00:00,,0.0009804048
2026-09-18T14:56:43+00:00,,0.0009805891
2026-09-18T14:58:39+00:00,,0.0009807397
2026-09-18T15:05:21+00:00,,0.0009812615
2026-09-18T15:06:32+00:00,,0.0009813537
2026-09-18T15:08:51+00:00,,0.0009815341
2026-09-18T15:10:53+00:00,,0.0009816925
2026-09-18T15:13:38+00:00,,0.0009819066
2026-09-18T15:18:21+00:00,,0.000982274
2026-09-18T15:23:02+00:00,,0.0009826387
2026-09-18T15:24:32+00:00,,0.0009827556
2026-09-18T15:28:54+00:00,,0.0009830956
2026-09-18T15:32:45+00:00,,0.0009833955
2026-09-18T15:48:29+00:00,,0.0009846209
2026-09-18T15:52:32+00:00,,0.0009849363
2026-09-18T15:53:59+00:00,,0.0009850492
2026-09-18T16:11:32+00:00,,0.0009864161
2026-09-18T16:19:28+00:00,,0.0009870339
2026-09-18T16:50:02+00:00,,0.0009894146
2026-09-18T17:27:53+00:00,,0.0009923625
2026-09-18T19:04:28+00:00,,0.0009998848
2026-09-18T20:59:59+00:00,,0.0010088818
2026-09-19T20:59:59+00:00,,0.0011210425
2026-09-20T20:59:59+00:00,,0.0012332159
2026-09-20T23:04:40+00:00,,0.0012429291
2026-09-21T14:02:37+00:00,,0.0013128848
2026-09-21T16:46:25+00:00,,0.0013256463
2026-09-21T18:53:08+00:00,,0.0013355188
2026-09-21T19:46:37+00:00,,0.0013396857
2026-09-21T20:59:59+00:00,,0.0013454018
2026-09-22T00:00:07+00:00,,0.0013594363
2026-09-22T02:14:37+00:00,,0.0013699156
2026-09-22T04:46:03+00:00,,0.0013817143
2026-09-22T05:04:21+00:00,,0.0013831401
2026-09-22T05:11:46+00:00,,0.001383718
2026-09-22T06:16:36+00:00,,0.0013887695
2026-09-22T06:24:22+00:00,,0.0013893746
2026-09-22T07:23:56+00:00,,0.0013940157
2026-09-22T07:33:50+00:00,,0.0013947871
2026-09-22T07:50:03+00:00,,0.0013960506
2026-09-22T08:42:37+00:00,,0.0014001464
2026-09-22T08:45:55+00:00,,0.0014004035
2026-09-22T09:52:57+00:00,,0.0014056264
2026-09-22T10:06:51+00:00,,0.0014067095
2026-09-22T10:30:42+00:00,,0.0014085678
2026-09-22T10:34:19+00:00,,0.0014088496
2026-09-22T10:46:19+00:00,,0.0014097846
2026-09-22T10:48:59+00:00,,0.0014099923
2026-09-22T10:53:30+00:00,,0.0014103443
2026-09-22T11:01:16+00:00,,0.0014109494
2026-09-22T11:06:19+00:00,,0.0014113429
2026-09-22T11:38:06+00:00,,0.0014138193
2026-09-22T13:19:38+00:00,,0.0014217305
2026-09-22T15:03:52+00:00,,0.0014298521
2026-09-22T18:21:34+00:00,,0.0014452566
2026-09-22T20:59:59+00:00,,0.0014576003
2026-09-23T13:53:06+00:00,,0.0015365455
2026-09-23T14:43:14+00:00,,0.0015404522
2026-09-23T14:47:25+00:00,,0.0015407782
2026-09-23T16:34:56+00:00,,0.0015491566
2026-09-23T17:04:23+00:00,,0.0015514515
2026-09-23T20:59:59+00:00,,0.0015698114
2026-09-24T02:07:46+00:00,,0.0015937968
2026-09-24T05:55:41+00:00,,0.0016115587
2026-09-24T07:54:17+00:00,,0.0016208014
2026-09-24T08:52:06+00:00,,0.0016253072
2026-09-24T08:53:54+00:00,,0.0016254475
2026-09-24T10:04:46+00:00,,0.0016309704
2026-09-24T10:52:45+00:00,,0.0016347099
2026-09-24T12:18:58+00:00,,0.0016414291
2026-09-24T12:21:02+00:00,,0.0016415902
2026-09-24T12:24:19+00:00,,0.0016418461
2026-09-24T13:00:20+00:00,,0.001644653
2026-09-24T13:05:36+00:00,,0.0016450635
2026-09-24T13:13:47+00:00,,0.0016457012
2026-09-24T13:22:25+00:00,,0.0016463741
2026-09-24T15:16:28+00:00,,0.0016552626
2026-09-24T15:51:10+00:00,,0.0016579669
2026-09-24T16:02:27+00:00,,0.0016588463
2026-09-24T16:17:02+00:00,,0.0016599829
2026-09-24T16:18:49+00:00,,0.0016601218
2026-09-24T16:53:54+00:00,,0.0016628561
2026-09-24T18:39:10+00:00,,0.0016710602
2026-09-24T19:28:10+00:00,,0.0016748791
2026-09-24T20:59:59+00:00,,0.001682035
2026-09-24T22:00:23+00:00,,0.0016867424
2026-09-25T08:29:08+00:00,,0.001735747
2026-09-25T12:47:42+00:00,,0.0017559004
2026-09-25T13:18:17+00:00,,0.0017582841
2026-09-25T15:09:43+00:00,,0.0017669696
2026-09-25T19:00:54+00:00,,0.0017849892
2026-09-25T20:59:59+00:00,,0.0017942712
2026-09-26T20:59:59+00:00,,0.00190652
2026-09-27T20:59:59+00:00,,0.0020187814
2026-09-27T23:00:40+00:00,,0.0020281903
2026-09-28T01:04:10+00:00,,0.002037819
2026-09-28T13:30:06+00:00,,0.0020959774
2026-09-28T16:17:06+00:00,,0.0021089985
2026-09-28T17:12:26+00:00,,0.0021133129
2026-09-28T19:54:50+00:00,,0.0021259754
2026-09-28T20:59:59+00:00,,0.0021310553
2026-09-29T15:46:22+00:00,,0.002218886
2026-09-29T15:47:26+00:00,,0.0022189691
2026-09-29T17:55:17+00:00,,0.0022289388
2026-09-29T20:59:59+00:00,,0.0022433418
2026-09-30T00:58:53+00:00,,0.0022619717
2026-09-30T01:00:49+00:00,,0.0022621225
2026-09-30T01:40:30+00:00,,0.0022652171
2026-09-30T11:34:05+00:00,,0.0023115074
2026-09-30T11:35:09+00:00,,0.0023115906
2026-09-30T11:37:13+00:00,,0.0023117518
2026-09-30T12:31:35+00:00,,0.0023159917
2026-09-30T12:33:10+00:00,,0.0023161152
2026-09-30T12:36:09+00:00,,0.0023163478
2026-09-30T12:46:23+00:00,,0.0023171459
2026-09-30T13:53:18+00:00,,0.0023223645
2026-09-30T14:04:23+00:00,,0.0023232289
2026-09-30T20:59:59+00:00,,0.0023556409
2026-09-30T22:10:42+00:00,,0.0023611561
2026-10-01T00:00:07+00:00,,0.0023696896
2026-10-01T20:59:59+00:00,,0.0024679526
2026-10-02T08:11:14+00:00,,0.0025203105
2026-10-02T11:50:00+00:00,,0.0025373751
2026-10-02T11:51:14+00:00,,0.0025374713
2026-10-02T12:38:02+00:00,,0.0025411219
2026-10-02T19:01:35+00:00,,0.0025710409
2026-10-02T20:59:59+00:00,,0.0025802769
2026-10-03T20:59:59+00:00,,0.0026926137
2026-10-04T20:59:59+00:00,,0.0028049632
2026-10-05T00:00:24+00:00,,0.0028190403
2026-10-05T15:23:26+00:00,,0.0028910634
2026-10-05T18:14:13+00:00,,0.0029043899
2026-10-05T18:30:26+00:00,,0.0029056554
2026-10-05T20:56:58+00:00,,0.0029170898
2026-10-05T20:59:59+00:00,,0.0029173252
2026-10-05T22:54:37+00:00,,0.0029262705
2026-10-06T00:59:46+00:00,,0.0029360365
2026-10-06T01:01:16+00:00,,0.0029361536
2026-10-06T09:04:05+00:00,,0.0029738309
2026-10-06T09:56:05+00:00,,0.0029778889
2026-10-06T11:35:15+00:00,,0.0029856277
2026-10-06T11:45:03+00:00,,0.0029863925
2026-10-06T13:59:25+00:00,,0.0029968784
2026-10-06T15:13:57+00:00,,0.003002695
2026-10-06T16:04:06+00:00,,0.0030066087
2026-10-06T20:59:59+00:00,,0.0030296998
2026-10-07T00:15:57+00:00,,0.0030449937
2026-10-07T02:03:35+00:00,,0.0030533938
2026-10-07T06:57:32+00:00,,0.0030763351
2026-10-07T13:40:31+00:00,,0.0031077868
2026-10-07T14:31:04+00:00,,0.0031117322
2026-10-07T15:23:12+00:00,,0.0031158011
2026-10-07T15:24:42+00:00,,0.0031159182
2026-10-07T15:53:42+00:00,,0.0031181816
2026-10-07T16:11:42+00:00,,0.0031195865
2026-10-07T16:15:12+00:00,,0.0031198597
2026-10-07T16:24:12+00:00,,0.0031205621
2026-10-07T16:30:42+00:00,,0.0031210694
2026-10-07T16:32:42+00:00,,0.0031212255
2026-10-07T16:37:02+00:00,,0.0031215637
2026-10-07T18:12:26+00:00,,0.0031290097
2026-10-07T18:19:51+00:00,,0.0031295886
2026-10-07T20:59:59+00:00,,0.0031420871
2026-10-08T00:00:12+00:00,,0.0031561533
2026-10-08T13:58:16+00:00,,0.0032215683
2026-10-08T14:28:42+00:00,,0.0032239438
2026-10-08T14:43:42+00:00,,0.0032251147
2026-10-08T14:46:12+00:00,,0.0032253098
2026-10-08T17:32:53+00:00,,0.0032383208
2026-10-08T17:41:03+00:00,,0.0032389583
2026-10-08T18:08:07+00:00,,0.0032410711
2026-10-08T18:17:20+00:00,,0.0032417905
2026-10-08T20:01:49+00:00,,0.0032499464
2026-10-08T20:30:33+00:00,,0.0032521893
2026-10-08T20:59:59+00:00,,0.0032544869
2026-10-08T23:20:05+00:00,,0.0032654231
2026-10-08T23:27:33+00:00,,0.003266006
2026-10-08T23:29:03+00:00,,0.003266123
2026-10-08T23:56:33+00:00,,0.0032682697
2026-10-09T00:00:10+00:00,,0.003268552
2026-10-09T01:06:40+00:00,,0.0032737431
2026-10-09T01:58:33+00:00,,0.0032777932
2026-10-09T02:25:06+00:00,,0.0032798657
2026-10-09T07:11:38+00:00,,0.0033022333
2026-10-09T07:37:33+00:00,,0.0033042564
2026-10-09T12:52:54+00:00,,0.0033288741
2026-10-09T13:16:33+00:00,,0.0033307204
2026-10-09T13:28:20+00:00,,0.0033316402
2026-10-09T19:15:54+00:00,,0.0033587737
2026-10-09T19:17:52+00:00,,0.0033589272
2026-10-09T20:59:59+00:00,,0.0033668993
