date,pnl_usd,pnl_cumulative_usd,pnl_cumulative_pct
2026-09-10,0.865655,0.865655,0.0004818837
2026-09-11,4.696111,5.561766,0.003096065
2026-09-12,0.017254,5.57902,0.0031056698
2026-09-13,-0.428219,5.150801,0.0028672934
2026-09-14,0.475776,5.626577,0.0031321433
2026-09-15,2.923368,8.549945,0.0047594928
2026-09-16,-1.223176,7.326769,0.0040785882
2026-09-17,-0.550376,6.776393,0.0037722107
2026-09-18,7.518283,14.294676,0.0079574089
2026-09-19,-0.148716,14.14596,0.0078746232
2026-09-20,0.0,14.14596,0.0078746232
2026-09-21,4.156738,18.302698,0.0101885521
2026-09-22,2.965402,21.2681,0.0118393007
2026-09-23,1.129332,22.397432,0.0124679653
2026-09-24,6.296909,28.694341,0.0159732619
2026-09-25,0.078183,28.772524,0.016016784
2026-09-26,0.0,28.772524,0.016016784
2026-09-27,0.0,28.772524,0.016016784
2026-09-28,0.701838,29.474362,0.0164074757
2026-09-29,0.311409,29.785771,0.0165808276
2026-09-30,1.273708,31.059479,0.0172898618
2026-10-01,0.521697,31.581176,0.0175802746
2026-10-02,3.296394,34.87757,0.0194152763
2026-10-03,0.0,34.87757,0.0194152763
2026-10-04,0.0,34.87757,0.0194152763
2026-10-05,0.033677,34.911247,0.0194340233
2026-10-06,0.227315,35.138562,0.0195605626
